ID,상점명,플랫폼,프로필_URL,전화번호,상세주소,메신저_채널,구글맵_URL,상권명,활성여부,등록일시
1,SreyNeang Skincare,FACEBOOK,https://www.facebook.com/SreyNeangSkincareSensok,N/A,"Pin Location: Sensok, Phnom Penh, Cambodia",https://m.me/SreyNeangSkincareSensok,https://www.google.com/maps/search/?api=1&query=SreyNeang%20Skincare%2C%20Sensok%2C%20Phnom%20Penh%2C%20Cambodia,Sensok,1,2026-08-06 04:31:23
2,BKK1 Beauty Corner,FACEBOOK,https://www.facebook.com/BKK1BeautyCorner,N/A,"Pin Location: BKK1, Phnom Penh, Cambodia",https://m.me/BKK1BeautyCorner,https://www.google.com/maps/search/?api=1&query=BKK1%20Beauty%20Corner%2C%20BKK1%2C%20Phnom%20Penh%2C%20Cambodia,BKK1,1,2026-08-06 04:31:23
3,Toul Kork Cosmetics,FACEBOOK,https://www.facebook.com/ToulKorkCosmetics,N/A,"Pin Location: Toul Kork, Phnom Penh, Cambodia",https://m.me/ToulKorkCosmetics,https://www.google.com/maps/search/?api=1&query=Toul%20Kork%20Cosmetics%2C%20Toul%20Kork%2C%20Phnom%20Penh%2C%20Cambodia,Toul Kork,1,2026-08-06 04:31:23
4,Phnom Penh K-Beauty House,FACEBOOK,https://www.facebook.com/PPKBeautyHouse,N/A,"Pin Location: Daun Penh, Phnom Penh, Cambodia",https://m.me/PPKBeautyHouse,https://www.google.com/maps/search/?api=1&query=Phnom%20Penh%20K-Beauty%20House%2C%20Daun%20Penh%2C%20Phnom%20Penh%2C%20Cambodia,Daun Penh,1,2026-08-06 04:31:23
6,Guardian Cambodia Official,FACEBOOK,https://www.facebook.com/GuardianCambodia,N/A,"Pin Location: BKK1, Phnom Penh, Cambodia",https://m.me/GuardianCambodia,https://www.google.com/maps/search/?api=1&query=Guardian%20Cambodia%20Official%2C%20BKK1%2C%20Phnom%20Penh%2C%20Cambodia,BKK1,1,2026-08-06 04:31:23
7,Aeon Beauty Phnom Penh,FACEBOOK,https://www.facebook.com/AeonBeautyPP,N/A,"Pin Location: Chamkar Mon, Phnom Penh, Cambodia",https://m.me/AeonBeautyPP,https://www.google.com/maps/search/?api=1&query=Aeon%20Beauty%20Phnom%20Penh%2C%20Chamkar%20Mon%2C%20Phnom%20Penh%2C%20Cambodia,Chamkar Mon,1,2026-08-06 04:31:23
8,Toul Tum Poung Skincare,FACEBOOK,https://www.facebook.com/ToulTumPoungBeauty,N/A,"Pin Location: Toul Tum Poung, Phnom Penh, Cambodia",https://m.me/ToulTumPoungBeauty,https://www.google.com/maps/search/?api=1&query=Toul%20Tum%20Poung%20Skincare%2C%20Toul%20Tum%20Poung%2C%20Phnom%20Penh%2C%20Cambodia,Toul Tum Poung,1,2026-08-06 04:31:23
9,Olympic Market Beauty Store,FACEBOOK,https://www.facebook.com/OlympicMarketBeauty,N/A,"Pin Location: Olympic Market, Phnom Penh, Cambodia",https://m.me/OlympicMarketBeauty,https://www.google.com/maps/search/?api=1&query=Olympic%20Market%20Beauty%20Store%2C%20Olympic%20Market%2C%20Phnom%20Penh%2C%20Cambodia,Olympic Market,1,2026-08-06 04:31:23
11,Cambodia K-Beauty TikTok,TIKTOK,https://www.tiktok.com/@kbeautycambodia,N/A,"Pin Location: BKK1, Phnom Penh, Cambodia",N/A,https://www.google.com/maps/search/?api=1&query=Cambodia%20K-Beauty%20TikTok%2C%20BKK1%2C%20Phnom%20Penh%2C%20Cambodia,BKK1,0,2026-08-06 04:31:23
112,Anessa Cambodia Flagship,FACEBOOK,https://www.facebook.com/AnessaCambodiaOfficial,N/A,"Pin Location: BKK1, Phnom Penh, Cambodia",https://m.me/AnessaCambodiaOfficial,https://www.google.com/maps/search/?api=1&query=Anessa%20Cambodia%20Flagship%2C%20BKK1%2C%20Phnom%20Penh%2C%20Cambodia,BKK1,1,2026-08-06 04:35:56
117,Beauty Store Phnom Penh,FACEBOOK,https://www.facebook.com/BeautyStorePP,N/A,"Pin Location: Daun Penh, Phnom Penh, Cambodia",https://m.me/BeautyStorePP,https://www.google.com/maps/search/?api=1&query=Beauty%20Store%20Phnom%20Penh%2C%20Daun%20Penh%2C%20Phnom%20Penh%2C%20Cambodia,Daun Penh,1,2026-08-06 04:53:56
118,K-Beauty Wholesale Cambodia,FACEBOOK,https://www.facebook.com/KBeautyWholesaleCambodia,N/A,"Pin Location: Chamkar Mon, Phnom Penh, Cambodia",https://t.me/KBeautyWholesaleCambodia,https://www.google.com/maps/search/?api=1&query=K-Beauty%20Wholesale%20Cambodia%2C%20Chamkar%20Mon%2C%20Phnom%20Penh%2C%20Cambodia,Chamkar Mon,1,2026-08-06 04:53:56
119,Byglowglamcosmetic Beauty,FACEBOOK,https://www.facebook.com/byglowglamcosmetic,N/A,"Pin Location: Phnom Penh, Cambodia",https://m.me/byglowglamcosmetic,https://www.google.com/maps/search/?api=1&query=Byglowglamcosmetic%2C%20Phnom%20Penh%2C%20Cambodia,Phnom Penh,1,2026-08-06 05:26:06
120,Mistinecambodia Beauty,FACEBOOK,https://www.facebook.com/MistineCambodia,N/A,"16 ផ្លូវលេខ ២៩០, ភ្នំពេញ",N/A,https://www.google.com/maps/search/?api=1&query=Mistinecambodia%2C%20Phnom%20Penh%2C%20Cambodia,Phnom Penh,1,2026-08-06 05:26:06
121,Lorealcambodia Beauty,FACEBOOK,https://www.facebook.com/LOrealCambodia,N/A,"Pin Location: Phnom Penh, Cambodia",https://m.me/LOrealCambodia,https://www.google.com/maps/search/?api=1&query=Lorealcambodia%2C%20Phnom%20Penh%2C%20Cambodia,Phnom Penh,1,2026-08-06 05:26:06
122,Darilaofficial Beauty,FACEBOOK,https://www.facebook.com/DarilaOfficial,N/A,"Pin Location: Phnom Penh, Cambodia",https://m.me/DarilaOfficial,https://www.google.com/maps/search/?api=1&query=Darilaofficial%2C%20Phnom%20Penh%2C%20Cambodia,Phnom Penh,1,2026-08-06 05:26:06
123,Weyoung Cambodia 61550118309445 Beauty,FACEBOOK,https://www.facebook.com/p/WeYoung-Cambodia-61550118309445,011 830 9445,"Pin Location: Phnom Penh, Cambodia",N/A,https://www.google.com/maps/search/?api=1&query=Weyoung%20Cambodia%2061550118309445%2C%20Phnom%20Penh%2C%20Cambodia,Phnom Penh,1,2026-08-06 05:26:06
124,Pureraskincareofficial Beauty,FACEBOOK,https://www.facebook.com/PureraSkincareOfficial,N/A,"Pin Location: Phnom Penh, Cambodia",https://m.me/PureraSkincareOfficial,https://www.google.com/maps/search/?api=1&query=Pureraskincareofficial%2C%20Phnom%20Penh%2C%20Cambodia,Phnom Penh,1,2026-08-06 05:26:06
125,Dewbon By Melaska 100071894617370 Beauty,FACEBOOK,https://www.facebook.com/p/Dewbon-by-Melaska-100071894617370,071 894 6173,"67 ផ្លូវលេខ ៥៨៤, ភ្នំពេញ",N/A,https://www.google.com/maps/search/?api=1&query=Dewbon%20By%20Melaska%20100071894617370%2C%20Phnom%20Penh%2C%20Cambodia,Phnom Penh,1,2026-08-06 05:26:06
126,Shade240 Beauty,FACEBOOK,https://www.facebook.com/shade240,N/A,"39 វិថី ព្រះអង្គផានុវង្ស (២៤០), ភ្នំពេញ",N/A,https://www.google.com/maps/search/?api=1&query=Shade240%2C%20Phnom%20Penh%2C%20Cambodia,Phnom Penh,1,2026-08-06 05:26:06
127,Sofitelphnompenhphokeethra Beauty,FACEBOOK,https://www.facebook.com/SofitelPhnomPenhPhokeethra,N/A,"Pin Location: Phnom Penh, Cambodia",https://m.me/SofitelPhnomPenhPhokeethra,https://www.google.com/maps/search/?api=1&query=Sofitelphnompenhphokeethra%2C%20Phnom%20Penh%2C%20Cambodia,Phnom Penh,1,2026-08-06 05:26:06
128,Barecambodia Beauty,FACEBOOK,https://www.facebook.com/barecambodia,N/A,"Pin Location: Phnom Penh, Cambodia",https://m.me/barecambodia,https://www.google.com/maps/search/?api=1&query=Barecambodia%2C%20Phnom%20Penh%2C%20Cambodia,Phnom Penh,1,2026-08-06 05:26:06
129,Medaofficialcambodia Beauty,FACEBOOK,https://www.facebook.com/medaofficialcambodia,N/A,"Pin Location: Phnom Penh, Cambodia",https://m.me/medaofficialcambodia,https://www.google.com/maps/search/?api=1&query=Medaofficialcambodia%2C%20Phnom%20Penh%2C%20Cambodia,Phnom Penh,1,2026-08-06 05:26:06
130,Nham24H Beauty,FACEBOOK,https://www.facebook.com/nham24h,N/A,"No. 28 Street 63 Phnom Penh, 77 Preah Trasak Paem St. (63), Phnom Penh 12211",N/A,https://www.google.com/maps/search/?api=1&query=Nham24H%2C%20Phnom%20Penh%2C%20Cambodia,Phnom Penh,1,2026-08-06 05:26:06
131,Nimolonlineshopping168 Beauty,FACEBOOK,https://www.facebook.com/nimolonlineshopping168,N/A,"Pin Location: Phnom Penh, Cambodia",https://t.me/nimolonlineshopping168,https://www.google.com/maps/search/?api=1&query=Nimolonlineshopping168%2C%20Phnom%20Penh%2C%20Cambodia,Phnom Penh,1,2026-08-06 05:26:06
132,Kophersunscream Beauty,FACEBOOK,https://www.facebook.com/kophersunscream,N/A,"Pin Location: Phnom Penh, Cambodia",https://m.me/kophersunscream,https://www.google.com/maps/search/?api=1&query=Kophersunscream%2C%20Phnom%20Penh%2C%20Cambodia,Phnom Penh,1,2026-08-06 05:26:06
133,2In1Bbsunscreen Beauty,FACEBOOK,https://www.facebook.com/2in1BBsunscreen,N/A,"Pin Location: Phnom Penh, Cambodia",https://m.me/2in1BBsunscreen,https://www.google.com/maps/search/?api=1&query=2In1Bbsunscreen%2C%20Phnom%20Penh%2C%20Cambodia,Phnom Penh,1,2026-08-06 05:26:06
134,Pichy Body Sunscreen 61552103200030 Beauty,FACEBOOK,https://www.facebook.com/p/Pichy-Body-Sunscreen-61552103200030,03200030,"Pin Location: Phnom Penh, Cambodia",N/A,https://www.google.com/maps/search/?api=1&query=Pichy%20Body%20Sunscreen%2061552103200030%2C%20Phnom%20Penh%2C%20Cambodia,Phnom Penh,1,2026-08-06 05:26:06
135,Meda0965319559 Beauty,FACEBOOK,https://www.facebook.com/Meda0965319559,096 531 9559,"Pin Location: Phnom Penh, Cambodia",N/A,https://www.google.com/maps/search/?api=1&query=Meda0965319559%2C%20Phnom%20Penh%2C%20Cambodia,Phnom Penh,1,2026-08-06 05:26:06
136,Cyra3899 Beauty,FACEBOOK,https://www.facebook.com/cyra3899,N/A,"Pin Location: Phnom Penh, Cambodia",https://m.me/cyra3899,https://www.google.com/maps/search/?api=1&query=Cyra3899%2C%20Phnom%20Penh%2C%20Cambodia,Phnom Penh,1,2026-08-06 05:26:06
137,Phsavona Beauty,TIKTOK,https://www.tiktok.com/@phsavona,N/A,"Pin Location: Phnom Penh, Cambodia",N/A,https://www.google.com/maps/search/?api=1&query=Phsavona%2C%20Phnom%20Penh%2C%20Cambodia,Phnom Penh,0,2026-08-06 05:26:06
138,Seavtheng__ Beauty,TIKTOK,https://www.tiktok.com/@seavtheng__,N/A,"Pin Location: Phnom Penh, Cambodia",N/A,https://www.google.com/maps/search/?api=1&query=Seavtheng__%2C%20Phnom%20Penh%2C%20Cambodia,Phnom Penh,0,2026-08-06 05:26:06
139,Vwear Official Beauty,TIKTOK,https://www.tiktok.com/@vwear.official,N/A,"Pin Location: Phnom Penh, Cambodia",N/A,https://www.google.com/maps/search/?api=1&query=Vwear%20Official%2C%20Phnom%20Penh%2C%20Cambodia,Phnom Penh,0,2026-08-06 05:26:06
140,Doctormantharathemclinic Beauty,TIKTOK,https://www.tiktok.com/@doctormantharathemclinic,N/A,"Pin Location: Phnom Penh, Cambodia",N/A,https://www.google.com/maps/search/?api=1&query=Doctormantharathemclinic%2C%20Phnom%20Penh%2C%20Cambodia,Phnom Penh,0,2026-08-06 05:26:06
141,Pich_Vichka Beauty,TIKTOK,https://www.tiktok.com/@pich_vichka,N/A,"Pin Location: Phnom Penh, Cambodia",N/A,https://www.google.com/maps/search/?api=1&query=Pich_Vichka%2C%20Phnom%20Penh%2C%20Cambodia,Phnom Penh,0,2026-08-06 05:26:06
142,Ponlork20 Beauty,TIKTOK,https://www.tiktok.com/@ponlork20,N/A,"Pin Location: Phnom Penh, Cambodia",N/A,https://www.google.com/maps/search/?api=1&query=Ponlork20%2C%20Phnom%20Penh%2C%20Cambodia,Phnom Penh,0,2026-08-06 05:26:06
143,Winsou Cambodia Beauty,TIKTOK,https://www.tiktok.com/@winsou.cambodia,N/A,"Pin Location: Phnom Penh, Cambodia",N/A,https://www.google.com/maps/search/?api=1&query=Winsou%20Cambodia%2C%20Phnom%20Penh%2C%20Cambodia,Phnom Penh,0,2026-08-06 05:26:06
144,Glisten_Blossom Beauty,TIKTOK,https://www.tiktok.com/@glisten_blossom,N/A,"ផ្លូវលេខ ១០១១, ភ្នំពេញ 120801",N/A,https://www.google.com/maps/search/?api=1&query=Glisten_Blossom%2C%20Phnom%20Penh%2C%20Cambodia,Phnom Penh,1,2026-08-06 05:26:06
145,Dailymart168 Beauty,TIKTOK,https://www.tiktok.com/@dailymart168,N/A,"Pin Location: Phnom Penh, Cambodia",N/A,https://www.google.com/maps/search/?api=1&query=Dailymart168%2C%20Phnom%20Penh%2C%20Cambodia,Phnom Penh,0,2026-08-06 05:26:06
147,Henglinda_Officail Beauty,TIKTOK,https://www.tiktok.com/@henglinda_officail,N/A,"Pin Location: Phnom Penh, Cambodia",N/A,https://www.google.com/maps/search/?api=1&query=Henglinda_Officail%2C%20Phnom%20Penh%2C%20Cambodia,Phnom Penh,0,2026-08-06 05:26:06
149,Sakurasaku_Cambodia Beauty,TIKTOK,https://www.tiktok.com/@sakurasaku_cambodia,N/A,"570 ផ្លូវលេខ ៣៣៥, ភ្នំពេញ",N/A,https://www.google.com/maps/search/?api=1&query=Sakurasaku_Cambodia%2C%20Phnom%20Penh%2C%20Cambodia,Phnom Penh,1,2026-08-06 05:26:06
150,Kven_________Koko Beauty,TIKTOK,https://www.tiktok.com/@kven_________koko,N/A,"Pin Location: Phnom Penh, Cambodia",N/A,https://www.google.com/maps/search/?api=1&query=Kven_________Koko%2C%20Phnom%20Penh%2C%20Cambodia,Phnom Penh,0,2026-08-06 05:26:06
151,Tuotoagkkzj Beauty,TIKTOK,https://www.tiktok.com/@tuotoagkkzj,N/A,"Pin Location: Phnom Penh, Cambodia",N/A,https://www.google.com/maps/search/?api=1&query=Tuotoagkkzj%2C%20Phnom%20Penh%2C%20Cambodia,Phnom Penh,0,2026-08-06 05:26:06
152, Vanilla53 Beauty,TIKTOK,https://www.tiktok.com/@.vanilla53,N/A,"Pin Location: Phnom Penh, Cambodia",N/A,https://www.google.com/maps/search/?api=1&query=%20Vanilla53%2C%20Phnom%20Penh%2C%20Cambodia,Phnom Penh,0,2026-08-06 05:26:06
153,Ryyy9999 Beauty,TIKTOK,https://www.tiktok.com/@ryyy9999,N/A,"Pin Location: Phnom Penh, Cambodia",N/A,https://www.google.com/maps/search/?api=1&query=Ryyy9999%2C%20Phnom%20Penh%2C%20Cambodia,Phnom Penh,0,2026-08-06 05:26:06
154,Queendeals_02 Beauty,TIKTOK,https://www.tiktok.com/@queendeals_02,N/A,"Pin Location: Phnom Penh, Cambodia",N/A,https://www.google.com/maps/search/?api=1&query=Queendeals_02%2C%20Phnom%20Penh%2C%20Cambodia,Phnom Penh,0,2026-08-06 05:26:06
155,Quelpalomo Beauty,TIKTOK,https://www.tiktok.com/@quelpalomo,N/A,"209, Ta Phon street, 12BT, Phnom Penh",N/A,https://www.google.com/maps/search/?api=1&query=Quelpalomo%2C%20Phnom%20Penh%2C%20Cambodia,Phnom Penh,1,2026-08-06 05:26:06
156,Tonymoly Khm Beauty,FACEBOOK,https://www.facebook.com/tonymoly.khm,N/A,"#101 A4 ផ្លូវលេខ ៥១៦, ភ្នំពេញ",N/A,https://www.google.com/maps/search/?api=1&query=Tonymoly%20Khm%2C%20Phnom%20Penh%2C%20Cambodia,Phnom Penh,1,2026-08-06 05:26:06
157,Korean Cometics Beauty,FACEBOOK,https://www.facebook.com/Korean.Cometics,N/A,"Pin Location: Phnom Penh, Cambodia",https://m.me/Korean.Cometics,https://www.google.com/maps/search/?api=1&query=Korean%20Cometics%2C%20Phnom%20Penh%2C%20Cambodia,Phnom Penh,1,2026-08-06 05:26:06
158,Thesunpremium Beauty,FACEBOOK,https://www.facebook.com/Thesunpremium,N/A,"Pin Location: Phnom Penh, Cambodia",https://m.me/Thesunpremium,https://www.google.com/maps/search/?api=1&query=Thesunpremium%2C%20Phnom%20Penh%2C%20Cambodia,Phnom Penh,1,2026-08-06 05:26:06
159,Nkmakeupbrand Beauty,FACEBOOK,https://www.facebook.com/nkmakeupbrand,N/A,"Pin Location: Phnom Penh, Cambodia",https://m.me/nkmakeupbrand,https://www.google.com/maps/search/?api=1&query=Nkmakeupbrand%2C%20Phnom%20Penh%2C%20Cambodia,Phnom Penh,1,2026-08-06 05:26:06
160,100057833972260 Beauty,FACEBOOK,https://www.facebook.com/100057833972260,057 833 9722,"Pin Location: Phnom Penh, Cambodia",N/A,https://www.google.com/maps/search/?api=1&query=100057833972260%2C%20Phnom%20Penh%2C%20Cambodia,Phnom Penh,1,2026-08-06 05:26:06
161,61569843305751 Beauty,FACEBOOK,https://www.facebook.com/61569843305751,N/A,"Pin Location: Phnom Penh, Cambodia",https://m.me/61569843305751,https://www.google.com/maps/search/?api=1&query=61569843305751%2C%20Phnom%20Penh%2C%20Cambodia,Phnom Penh,1,2026-08-06 05:26:06
163,Sunandmoonriverside Beauty,FACEBOOK,https://www.facebook.com/sunandmoonriverside,N/A,"Pin Location: Phnom Penh, Cambodia",https://m.me/sunandmoonriverside,https://www.google.com/maps/search/?api=1&query=Sunandmoonriverside%2C%20Phnom%20Penh%2C%20Cambodia,Phnom Penh,1,2026-08-06 05:26:06
164,Lightupcambodia Beauty,FACEBOOK,https://www.facebook.com/lightupcambodia,N/A,"Pin Location: Phnom Penh, Cambodia",https://m.me/lightupcambodia,https://www.google.com/maps/search/?api=1&query=Lightupcambodia%2C%20Phnom%20Penh%2C%20Cambodia,Phnom Penh,1,2026-08-06 05:26:06
165,Ecosuncambodia Beauty,FACEBOOK,https://facebook.com/EcoSunCambodia,N/A,"House No, Borey Piphop Thmey, St.19, 212A Chamkar Doung Street (217), Phnom Penh",N/A,https://www.google.com/maps/search/?api=1&query=Ecosuncambodia%2C%20Phnom%20Penh%2C%20Cambodia,Phnom Penh,1,2026-08-06 05:26:06
166,Sunlightcambodia Beauty,FACEBOOK,https://www.facebook.com/sunlightcambodia,N/A,"No. 255, Street 370, corner of Street 51, Phnom Penh 12000, 255 Rue Pasteur No. 51, Phnom Penh",N/A,https://www.google.com/maps/search/?api=1&query=Sunlightcambodia%2C%20Phnom%20Penh%2C%20Cambodia,Phnom Penh,1,2026-08-06 05:26:06
167,Welikesunshine Beauty,FACEBOOK,https://www.facebook.com/welikesunshine,N/A,"GWM4+HHG, Street 27BT, Phnom Penh",N/A,https://www.google.com/maps/search/?api=1&query=Welikesunshine%2C%20Phnom%20Penh%2C%20Cambodia,Phnom Penh,1,2026-08-06 05:26:06
168,Sun Tv Cambodia 531591583711171 Beauty,FACEBOOK,https://www.facebook.com/Sun-TV-Cambodia-531591583711171,N/A,"Pin Location: Phnom Penh, Cambodia",https://m.me/Sun-TV-Cambodia-531591583711171,https://www.google.com/maps/search/?api=1&query=Sun%20Tv%20Cambodia%20531591583711171%2C%20Phnom%20Penh%2C%20Cambodia,Phnom Penh,1,2026-08-06 05:26:06
170,Sunoptics Beauty,FACEBOOK,https://www.facebook.com/SUNoptics,N/A,"Pin Location: Phnom Penh, Cambodia",https://m.me/SUNoptics,https://www.google.com/maps/search/?api=1&query=Sunoptics%2C%20Phnom%20Penh%2C%20Cambodia,Phnom Penh,1,2026-08-06 05:26:06
171,Sundownsocialclub Beauty,FACEBOOK,https://www.facebook.com/sundownsocialclub,N/A,"#86, Street 440, Phnom Penh 12310",N/A,https://www.google.com/maps/search/?api=1&query=Sundownsocialclub%2C%20Phnom%20Penh%2C%20Cambodia,Phnom Penh,1,2026-08-06 05:26:06
172,Suncity Kh Beauty,FACEBOOK,https://www.facebook.com/suncity.kh,N/A,"No. 255, Street 370, corner of Street 51, Phnom Penh 12000, 255 Rue Pasteur No. 51, Phnom Penh",N/A,https://www.google.com/maps/search/?api=1&query=Suncity%20Kh%2C%20Phnom%20Penh%2C%20Cambodia,Phnom Penh,1,2026-08-06 05:26:06
173,Sundowncentral Beauty,FACEBOOK,https://www.facebook.com/sundowncentral,N/A,"#86, Street 440, Phnom Penh 12310",N/A,https://www.google.com/maps/search/?api=1&query=Sundowncentral%2C%20Phnom%20Penh%2C%20Cambodia,Phnom Penh,1,2026-08-06 05:26:06
176,Beebii467 Beauty,TIKTOK,https://www.tiktok.com/@beebii467,N/A,"សង្កាត់, បូរីសផ្ទះលេខ 8-9A, ផ្លូវ​ 371, ជិតស្តុបNOKIA, Phnom Penh 12000",N/A,https://www.google.com/maps/search/?api=1&query=Beebii467%2C%20Phnom%20Penh%2C%20Cambodia,Phnom Penh,1,2026-08-06 05:26:06
177,Seungsocheata Beauty,TIKTOK,https://www.tiktok.com/@seungsocheata,N/A,"Pin Location: Phnom Penh, Cambodia",N/A,https://www.google.com/maps/search/?api=1&query=Seungsocheata%2C%20Phnom%20Penh%2C%20Cambodia,Phnom Penh,0,2026-08-06 05:26:06
178,Solindaphoung Beauty,TIKTOK,https://www.tiktok.com/@solindaphoung,N/A,"649 តីរវិថី ​ព្រះស៊ីសុវត្ថិ, ភ្នំពេញ 12201",N/A,https://www.google.com/maps/search/?api=1&query=Solindaphoung%2C%20Phnom%20Penh%2C%20Cambodia,Phnom Penh,1,2026-08-06 05:26:06
179,Serumuniquecarestore Beauty,FACEBOOK,https://www.facebook.com/serumuniquecarestore,N/A,"Pin Location: Phnom Penh, Cambodia",https://m.me/serumuniquecarestore,https://www.google.com/maps/search/?api=1&query=Serumuniquecarestore%2C%20Phnom%20Penh%2C%20Cambodia,Phnom Penh,1,2026-08-06 05:26:06
180,Prp Premium Serum1 Beauty,FACEBOOK,https://www.facebook.com/Prp.premium.Serum1,N/A,"Pin Location: Phnom Penh, Cambodia",https://m.me/Prp.premium.Serum1,https://www.google.com/maps/search/?api=1&query=Prp%20Premium%20Serum1%2C%20Phnom%20Penh%2C%20Cambodia,Phnom Penh,1,2026-08-06 05:26:06
181,Cosmetella Rr Detox Serum Beauty,FACEBOOK,https://www.facebook.com/COSMETELLA.RR.Detox.Serum,N/A,"Pin Location: Phnom Penh, Cambodia",https://m.me/COSMETELLA.RR.Detox.Serum,https://www.google.com/maps/search/?api=1&query=Cosmetella%20Rr%20Detox%20Serum%2C%20Phnom%20Penh%2C%20Cambodia,Phnom Penh,1,2026-08-06 05:26:06
183,Magic Cream And Serum 100066310523809 Beauty,FACEBOOK,https://www.facebook.com/p/Magic-Cream-and-Serum-100066310523809,066 310 5238,"Pin Location: Phnom Penh, Cambodia",N/A,https://www.google.com/maps/search/?api=1&query=Magic%20Cream%20And%20Serum%20100066310523809%2C%20Phnom%20Penh%2C%20Cambodia,Phnom Penh,1,2026-08-06 05:26:06
186,Skinuriofficialfb Beauty,FACEBOOK,https://www.facebook.com/skinuriofficialfb,N/A,"Pin Location: Phnom Penh, Cambodia",https://m.me/skinuriofficialfb,https://www.google.com/maps/search/?api=1&query=Skinuriofficialfb%2C%20Phnom%20Penh%2C%20Cambodia,Phnom Penh,1,2026-08-06 05:26:06
187,Regeserum Beauty,FACEBOOK,https://www.facebook.com/RegeSerum,N/A,"Pin Location: Phnom Penh, Cambodia",https://m.me/RegeSerum,https://www.google.com/maps/search/?api=1&query=Regeserum%2C%20Phnom%20Penh%2C%20Cambodia,Phnom Penh,1,2026-08-06 05:26:06
188,Serum 10000 ផ្សារអូឡាំពិច 100063658216579 Beauty,FACEBOOK,https://www.facebook.com/p/Serum-10000-ផ្សារអូឡាំពិច-100063658216579,063 658 2165,"Pin Location: Phnom Penh, Cambodia",N/A,https://www.google.com/maps/search/?api=1&query=Serum%2010000%20%E1%9E%95%E1%9F%92%E1%9E%9F%E1%9E%B6%E1%9E%9A%E1%9E%A2%E1%9E%BC%E1%9E%A1%E1%9E%B6%E1%9F%86%E1%9E%96%E1%9E%B7%E1%9E%85%20100063658216579%2C%20Phnom%20Penh%2C%20Cambodia,Phnom Penh,1,2026-08-06 05:26:06
189,Sgbonline Beauty,FACEBOOK,https://www.facebook.com/sgbonline,N/A,"Pin Location: Phnom Penh, Cambodia",https://t.me/sgbonline,https://www.google.com/maps/search/?api=1&query=Sgbonline%2C%20Phnom%20Penh%2C%20Cambodia,Phnom Penh,1,2026-08-06 05:26:06
190,Mattsbite7 Beauty,TIKTOK,https://www.tiktok.com/@mattsbite7,N/A,"Pin Location: Phnom Penh, Cambodia",N/A,https://www.google.com/maps/search/?api=1&query=Mattsbite7%2C%20Phnom%20Penh%2C%20Cambodia,Phnom Penh,0,2026-08-06 05:26:06
191,Mashicambodia Beauty,TIKTOK,https://www.tiktok.com/@mashicambodia,N/A,"Pin Location: Phnom Penh, Cambodia",N/A,https://www.google.com/maps/search/?api=1&query=Mashicambodia%2C%20Phnom%20Penh%2C%20Cambodia,Phnom Penh,0,2026-08-06 05:26:06
192,Jongsaartcambo Beauty,FACEBOOK,https://www.facebook.com/jongsaartcambo,N/A,"Pin Location: Phnom Penh, Cambodia",https://m.me/jongsaartcambo,https://www.google.com/maps/search/?api=1&query=Jongsaartcambo%2C%20Phnom%20Penh%2C%20Cambodia,Phnom Penh,1,2026-08-06 05:26:06
193,Angie21Cambodia2020 Beauty,FACEBOOK,https://www.facebook.com/Angie21Cambodia2020,N/A,"Pin Location: Phnom Penh, Cambodia",https://m.me/Angie21Cambodia2020,https://www.google.com/maps/search/?api=1&query=Angie21Cambodia2020%2C%20Phnom%20Penh%2C%20Cambodia,Phnom Penh,1,2026-08-06 05:26:06
194,Dr Em Cosmetic Cambodia By Jenny 103627911183210 Beauty,FACEBOOK,https://www.facebook.com/Dr-EM-Cosmetic-Cambodia-by-Jenny-103627911183210,036 279 1118,"Pin Location: Phnom Penh, Cambodia",N/A,https://www.google.com/maps/search/?api=1&query=Dr%20Em%20Cosmetic%20Cambodia%20By%20Jenny%20103627911183210%2C%20Phnom%20Penh%2C%20Cambodia,Phnom Penh,1,2026-08-06 05:26:06
195,Nutritionsmoothcambodia1 Beauty,FACEBOOK,https://www.facebook.com/nutritionsmoothcambodia1,N/A,"Pin Location: Phnom Penh, Cambodia",https://m.me/nutritionsmoothcambodia1,https://www.google.com/maps/search/?api=1&query=Nutritionsmoothcambodia1%2C%20Phnom%20Penh%2C%20Cambodia,Phnom Penh,1,2026-08-06 05:26:06
196,Traditionalmedicine289 Beauty,FACEBOOK,https://www.facebook.com/traditionalmedicine289,N/A,"Pin Location: Phnom Penh, Cambodia",https://m.me/traditionalmedicine289,https://www.google.com/maps/search/?api=1&query=Traditionalmedicine289%2C%20Phnom%20Penh%2C%20Cambodia,Phnom Penh,1,2026-08-06 05:26:06
197,Nrtvitamin6868 Beauty,FACEBOOK,https://www.facebook.com/NRTVitamin6868,N/A,"Pin Location: Phnom Penh, Cambodia",https://m.me/NRTVitamin6868,https://www.google.com/maps/search/?api=1&query=Nrtvitamin6868%2C%20Phnom%20Penh%2C%20Cambodia,Phnom Penh,1,2026-08-06 05:26:06
198,Sugarbae__Kh Beauty,TIKTOK,https://www.tiktok.com/@sugarbae__kh,N/A,"Pin Location: Phnom Penh, Cambodia",N/A,https://www.google.com/maps/search/?api=1&query=Sugarbae__Kh%2C%20Phnom%20Penh%2C%20Cambodia,Phnom Penh,0,2026-08-06 05:26:06
199,Skincarebyacne Beauty,FACEBOOK,https://www.facebook.com/skincarebyacne,N/A,"Pin Location: Phnom Penh, Cambodia",https://m.me/skincarebyacne,https://www.google.com/maps/search/?api=1&query=Skincarebyacne%2C%20Phnom%20Penh%2C%20Cambodia,Phnom Penh,1,2026-08-06 05:26:06
200,Theacnelabkh Beauty,FACEBOOK,https://www.facebook.com/theacnelabkh,N/A,"Pin Location: Phnom Penh, Cambodia",https://m.me/theacnelabkh,https://www.google.com/maps/search/?api=1&query=Theacnelabkh%2C%20Phnom%20Penh%2C%20Cambodia,Phnom Penh,1,2026-08-06 05:26:06
201,Neacosmeticskincare Beauty,FACEBOOK,https://www.facebook.com/Neacosmeticskincare,N/A,"N 6EE0 Street sothearos, Phnom Penh 120208",N/A,https://www.google.com/maps/search/?api=1&query=Neacosmeticskincare%2C%20Phnom%20Penh%2C%20Cambodia,Phnom Penh,1,2026-08-06 05:26:06
202,Acneskinclinic Beauty,FACEBOOK,https://www.facebook.com/AcneSkinClinic,N/A,"Pin Location: Phnom Penh, Cambodia",https://m.me/AcneSkinClinic,https://www.google.com/maps/search/?api=1&query=Acneskinclinic%2C%20Phnom%20Penh%2C%20Cambodia,Phnom Penh,1,2026-08-06 05:26:06
203,61579884986814 Beauty,FACEBOOK,https://www.facebook.com/61579884986814,N/A,"Pin Location: Phnom Penh, Cambodia",https://m.me/61579884986814,https://www.google.com/maps/search/?api=1&query=61579884986814%2C%20Phnom%20Penh%2C%20Cambodia,Phnom Penh,1,2026-08-06 05:26:06
204,Phsa168Mart Beauty,FACEBOOK,https://www.facebook.com/Phsa168mart,N/A,"Pin Location: Phnom Penh, Cambodia",https://m.me/Phsa168mart,https://www.google.com/maps/search/?api=1&query=Phsa168Mart%2C%20Phnom%20Penh%2C%20Cambodia,Phnom Penh,1,2026-08-06 05:26:06
205,Intravina Beauty,FACEBOOK,https://www.facebook.com/Intravina,N/A,"Pin Location: Phnom Penh, Cambodia",https://m.me/Intravina,https://www.google.com/maps/search/?api=1&query=Intravina%2C%20Phnom%20Penh%2C%20Cambodia,Phnom Penh,1,2026-08-06 05:26:06
206,Seabsereynevathana Beauty,FACEBOOK,https://www.facebook.com/seabsereynevathana,N/A,"Pin Location: Phnom Penh, Cambodia",https://m.me/seabsereynevathana,https://www.google.com/maps/search/?api=1&query=Seabsereynevathana%2C%20Phnom%20Penh%2C%20Cambodia,Phnom Penh,1,2026-08-06 05:26:06
207,Mepumh Beauty,FACEBOOK,https://www.facebook.com/Mepumh,N/A,"Pin Location: Phnom Penh, Cambodia",https://m.me/Mepumh,https://www.google.com/maps/search/?api=1&query=Mepumh%2C%20Phnom%20Penh%2C%20Cambodia,Phnom Penh,1,2026-08-06 05:26:06
208,Mkrrserum Beauty,FACEBOOK,https://www.facebook.com/mkrrserum,N/A,"Pin Location: Phnom Penh, Cambodia",https://m.me/mkrrserum,https://www.google.com/maps/search/?api=1&query=Mkrrserum%2C%20Phnom%20Penh%2C%20Cambodia,Phnom Penh,1,2026-08-06 05:26:06
209,Anmona688 Beauty,TIKTOK,https://www.tiktok.com/@anmona688,N/A,"Pin Location: Phnom Penh, Cambodia",N/A,https://www.google.com/maps/search/?api=1&query=Anmona688%2C%20Phnom%20Penh%2C%20Cambodia,Phnom Penh,0,2026-08-06 05:26:06
210,Vandysalon Beauty,TIKTOK,https://www.tiktok.com/@vandysalon,N/A,"Pin Location: Phnom Penh, Cambodia",N/A,https://www.google.com/maps/search/?api=1&query=Vandysalon%2C%20Phnom%20Penh%2C%20Cambodia,Phnom Penh,0,2026-08-06 05:26:06
211,Boutique Tea Shop In Phnom Penh 111830692180123 Beauty,FACEBOOK,https://www.facebook.com/Boutique-Tea-Shop-In-Phnom-Penh-111830692180123,069 218 0123,"Pin Location: Phnom Penh, Cambodia",N/A,https://www.google.com/maps/search/?api=1&query=Boutique%20Tea%20Shop%20In%20Phnom%20Penh%20111830692180123%2C%20Phnom%20Penh%2C%20Cambodia,Phnom Penh,1,2026-08-06 05:26:06
213,Lemontreephnompenh Beauty,FACEBOOK,https://www.facebook.com/lemontreephnompenh,N/A,"#8A ផ្លូវលេខ ៣៣៧, ភ្នំពេញ",N/A,https://www.google.com/maps/search/?api=1&query=Lemontreephnompenh%2C%20Phnom%20Penh%2C%20Cambodia,Phnom Penh,1,2026-08-06 05:26:06
214,Chomnortrojek3 Beauty,FACEBOOK,https://www.facebook.com/chomnortrojek3,N/A,"Pin Location: Phnom Penh, Cambodia",https://m.me/chomnortrojek3,https://www.google.com/maps/search/?api=1&query=Chomnortrojek3%2C%20Phnom%20Penh%2C%20Cambodia,Phnom Penh,1,2026-08-06 05:26:06
215,Ther9999 Beauty,FACEBOOK,https://www.facebook.com/TheR9999,N/A,"Pin Location: Phnom Penh, Cambodia",https://m.me/TheR9999,https://www.google.com/maps/search/?api=1&query=Ther9999%2C%20Phnom%20Penh%2C%20Cambodia,Phnom Penh,1,2026-08-06 05:26:06
216,Koreancosmecticretailandwholeseller Beauty,FACEBOOK,https://www.facebook.com/koreancosmecticretailandwholeseller,N/A,"Pin Location: Phnom Penh, Cambodia",https://m.me/koreancosmecticretailandwholeseller,https://www.google.com/maps/search/?api=1&query=Koreancosmecticretailandwholeseller%2C%20Phnom%20Penh%2C%20Cambodia,Phnom Penh,1,2026-08-06 05:26:06
217,Seoulsisterofficialcambodia Beauty,FACEBOOK,https://www.facebook.com/SeoulSisterOfficialCambodia,N/A,"Pin Location: Phnom Penh, Cambodia",https://m.me/SeoulSisterOfficialCambodia,https://www.google.com/maps/search/?api=1&query=Seoulsisterofficialcambodia%2C%20Phnom%20Penh%2C%20Cambodia,Phnom Penh,1,2026-08-06 05:26:06
218,Cicapine Beauty,FACEBOOK,https://www.facebook.com/CicaPine,N/A,"No.204, 1966 ផ្លូវលេខ ១៩៦៦, ភ្នំពេញ",N/A,https://www.google.com/maps/search/?api=1&query=Cicapine%2C%20Phnom%20Penh%2C%20Cambodia,Phnom Penh,1,2026-08-06 05:26:06
219,Skincarebeautyjapanproducts Beauty,FACEBOOK,https://www.facebook.com/skincarebeautyjapanproducts,N/A,"Pin Location: Phnom Penh, Cambodia",https://m.me/skincarebeautyjapanproducts,https://www.google.com/maps/search/?api=1&query=Skincarebeautyjapanproducts%2C%20Phnom%20Penh%2C%20Cambodia,Phnom Penh,1,2026-08-06 05:26:06
220,Teakingdom Kh Beauty,FACEBOOK,https://www.facebook.com/teakingdom.kh,N/A,"Pin Location: Phnom Penh, Cambodia",https://m.me/teakingdom.kh,https://www.google.com/maps/search/?api=1&query=Teakingdom%20Kh%2C%20Phnom%20Penh%2C%20Cambodia,Phnom Penh,1,2026-08-06 05:26:06
221,Connie Mp4 Beauty,TIKTOK,https://www.tiktok.com/@connie.mp4,N/A,"Pin Location: Phnom Penh, Cambodia",N/A,https://www.google.com/maps/search/?api=1&query=Connie%20Mp4%2C%20Phnom%20Penh%2C%20Cambodia,Phnom Penh,0,2026-08-06 05:26:06
222,Eat Tray Love Beauty,TIKTOK,https://www.tiktok.com/@eat.tray.love,N/A,"Wat Langka, 3 ផ្លូវលេខ ២៧៨, ភ្នំពេញ 12320",N/A,https://www.google.com/maps/search/?api=1&query=Eat%20Tray%20Love%2C%20Phnom%20Penh%2C%20Cambodia,Phnom Penh,1,2026-08-06 05:26:06
223,Tee Phnompenh Beauty,TIKTOK,https://www.tiktok.com/@tee.phnompenh,N/A,"Pin Location: Phnom Penh, Cambodia",N/A,https://www.google.com/maps/search/?api=1&query=Tee%20Phnompenh%2C%20Phnom%20Penh%2C%20Cambodia,Phnom Penh,0,2026-08-06 05:26:06
224,Fluffy6889 Beauty,TIKTOK,https://www.tiktok.com/@fluffy6889,N/A,"Pin Location: Phnom Penh, Cambodia",N/A,https://www.google.com/maps/search/?api=1&query=Fluffy6889%2C%20Phnom%20Penh%2C%20Cambodia,Phnom Penh,0,2026-08-06 05:26:06
227,Ahlykh168 Beauty,FACEBOOK,https://www.facebook.com/AhLykh168,N/A,"Pin Location: Phnom Penh, Cambodia",https://m.me/AhLykh168,https://www.google.com/maps/search/?api=1&query=Ahlykh168%2C%20Phnom%20Penh%2C%20Cambodia,Phnom Penh,1,2026-08-06 05:26:06
228,Soskincambodia Beauty,FACEBOOK,https://www.facebook.com/soskincambodia,N/A,"Pin Location: Phnom Penh, Cambodia",https://m.me/soskincambodia,https://www.google.com/maps/search/?api=1&query=Soskincambodia%2C%20Phnom%20Penh%2C%20Cambodia,Phnom Penh,1,2026-08-06 05:26:06
229,Healthbeautypstore Beauty,FACEBOOK,https://www.facebook.com/HealthBeautyPStore,N/A,"Pin Location: Phnom Penh, Cambodia",https://m.me/HealthBeautyPStore,https://www.google.com/maps/search/?api=1&query=Healthbeautypstore%2C%20Phnom%20Penh%2C%20Cambodia,Phnom Penh,1,2026-08-06 05:26:06
230,Muse Beauty Studio Beauty,TIKTOK,https://www.tiktok.com/@muse.beauty.studio,N/A,"87 ផ្លូវលេខ ១១២, ភ្នំពេញ 12156",N/A,https://www.google.com/maps/search/?api=1&query=Muse%20Beauty%20Studio%2C%20Phnom%20Penh%2C%20Cambodia,Phnom Penh,1,2026-08-06 05:26:06
231,61557112079322 Beauty,FACEBOOK,https://www.facebook.com/61557112079322,N/A,"Pin Location: Phnom Penh, Cambodia",https://m.me/61557112079322,https://www.google.com/maps/search/?api=1&query=61557112079322%2C%20Phnom%20Penh%2C%20Cambodia,Phnom Penh,1,2026-08-06 05:26:06
232,Davidavitamine Beauty,FACEBOOK,https://www.facebook.com/davidavitamine,N/A,"Pin Location: Phnom Penh, Cambodia",https://m.me/davidavitamine,https://www.google.com/maps/search/?api=1&query=Davidavitamine%2C%20Phnom%20Penh%2C%20Cambodia,Phnom Penh,1,2026-08-06 05:26:06
233,Leaksmystore168 Beauty,FACEBOOK,https://www.facebook.com/leaksmystore168,N/A,"Pin Location: Phnom Penh, Cambodia",https://m.me/leaksmystore168,https://www.google.com/maps/search/?api=1&query=Leaksmystore168%2C%20Phnom%20Penh%2C%20Cambodia,Phnom Penh,1,2026-08-06 05:26:06
234,Toner ទឹកថ្នាំ បោះដុំ 100063657775581 Beauty,FACEBOOK,https://www.facebook.com/p/TONER-ទឹកថ្នាំ-បោះដុំ-100063657775581,063 657 7755,"Pin Location: Phnom Penh, Cambodia",N/A,https://www.google.com/maps/search/?api=1&query=Toner%20%E1%9E%91%E1%9E%B9%E1%9E%80%E1%9E%90%E1%9F%92%E1%9E%93%E1%9E%B6%E1%9F%86%20%E1%9E%94%E1%9F%84%E1%9F%87%E1%9E%8A%E1%9E%BB%E1%9F%86%20100063657775581%2C%20Phnom%20Penh%2C%20Cambodia,Phnom Penh,1,2026-08-06 05:26:06
235,Davida Toner Pad 100085524101668 Beauty,FACEBOOK,https://www.facebook.com/p/Davida-toner-pad-100085524101668,085 524 1016,"Pin Location: Phnom Penh, Cambodia",N/A,https://www.google.com/maps/search/?api=1&query=Davida%20Toner%20Pad%20100085524101668%2C%20Phnom%20Penh%2C%20Cambodia,Phnom Penh,1,2026-08-06 05:26:06
236,Mmo Byjeyut Beauty,FACEBOOK,https://www.facebook.com/MMO.ByJeYut,N/A,"48 Mittapheap Kampuchea Soviet Street Phnom Penh, 48 NR4, Phnom Penh 12401",N/A,https://www.google.com/maps/search/?api=1&query=Mmo%20Byjeyut%2C%20Phnom%20Penh%2C%20Cambodia,Phnom Penh,1,2026-08-06 05:26:06
237,Ctoptech Beauty,FACEBOOK,https://www.facebook.com/ctoptech,N/A,"GWW2+4HV, ភ្នំពេញ",N/A,https://www.google.com/maps/search/?api=1&query=Ctoptech%2C%20Phnom%20Penh%2C%20Cambodia,Phnom Penh,1,2026-08-06 05:26:06
238,Camtonerofficial Beauty,FACEBOOK,https://www.facebook.com/camtonerofficial,N/A,"Pin Location: Phnom Penh, Cambodia",https://m.me/camtonerofficial,https://www.google.com/maps/search/?api=1&query=Camtonerofficial%2C%20Phnom%20Penh%2C%20Cambodia,Phnom Penh,1,2026-08-06 05:26:06
239,Modernhairsalon1 Beauty,FACEBOOK,https://www.facebook.com/modernhairsalon1,N/A,"Pin Location: Phnom Penh, Cambodia",https://m.me/modernhairsalon1,https://www.google.com/maps/search/?api=1&query=Modernhairsalon1%2C%20Phnom%20Penh%2C%20Cambodia,Phnom Penh,1,2026-08-06 05:26:06
240,Drtiarabeauty Beauty,FACEBOOK,https://www.facebook.com/DrTiarabeauty,N/A,"Pin Location: Phnom Penh, Cambodia",https://m.me/DrTiarabeauty,https://www.google.com/maps/search/?api=1&query=Drtiarabeauty%2C%20Phnom%20Penh%2C%20Cambodia,Phnom Penh,1,2026-08-06 05:26:06
241,Ps015234072 Beauty,FACEBOOK,https://www.facebook.com/PS015234072,015 234 072,"Pin Location: Phnom Penh, Cambodia",N/A,https://www.google.com/maps/search/?api=1&query=Ps015234072%2C%20Phnom%20Penh%2C%20Cambodia,Phnom Penh,1,2026-08-06 05:26:06
242,Fixate Gel Pad Cambodia 390676788021252 Beauty,FACEBOOK,https://www.facebook.com/Fixate-Gel-Pad-Cambodia-390676788021252,067 678 8021,"Pin Location: Phnom Penh, Cambodia",N/A,https://www.google.com/maps/search/?api=1&query=Fixate%20Gel%20Pad%20Cambodia%20390676788021252%2C%20Phnom%20Penh%2C%20Cambodia,Phnom Penh,1,2026-08-06 05:26:06
243,Lunabx__ Beauty,TIKTOK,https://www.tiktok.com/@lunabx__,N/A,"Pin Location: Phnom Penh, Cambodia",N/A,https://www.google.com/maps/search/?api=1&query=Lunabx__%2C%20Phnom%20Penh%2C%20Cambodia,Phnom Penh,0,2026-08-06 05:26:06
244,Bluemaskcambodia Beauty,FACEBOOK,https://www.facebook.com/bluemaskcambodia,N/A,"Pin Location: Phnom Penh, Cambodia",https://m.me/bluemaskcambodia,https://www.google.com/maps/search/?api=1&query=Bluemaskcambodia%2C%20Phnom%20Penh%2C%20Cambodia,Phnom Penh,1,2026-08-06 05:26:06
245,House Of Masks 100063558481916 Beauty,FACEBOOK,https://www.facebook.com/p/House-of-Masks-100063558481916,063 558 4819,"Pin Location: Phnom Penh, Cambodia",N/A,https://www.google.com/maps/search/?api=1&query=House%20Of%20Masks%20100063558481916%2C%20Phnom%20Penh%2C%20Cambodia,Phnom Penh,1,2026-08-06 05:26:06
246,233788593303324 Beauty,FACEBOOK,https://www.facebook.com/233788593303324,N/A,"Pin Location: Phnom Penh, Cambodia",https://m.me/233788593303324,https://www.google.com/maps/search/?api=1&query=233788593303324%2C%20Phnom%20Penh%2C%20Cambodia,Phnom Penh,1,2026-08-06 05:26:06
247,Phanyty13 Beauty,FACEBOOK,https://www.facebook.com/phanyty13,N/A,"Pin Location: Phnom Penh, Cambodia",https://m.me/phanyty13,https://www.google.com/maps/search/?api=1&query=Phanyty13%2C%20Phnom%20Penh%2C%20Cambodia,Phnom Penh,1,2026-08-06 05:26:06
248,Airsafemask Beauty,FACEBOOK,https://www.facebook.com/airsafemask,N/A,"Pin Location: Phnom Penh, Cambodia",https://m.me/airsafemask,https://www.google.com/maps/search/?api=1&query=Airsafemask%2C%20Phnom%20Penh%2C%20Cambodia,Phnom Penh,1,2026-08-06 05:26:06
249,Sscmilkymaskbysreypich Beauty,FACEBOOK,https://www.facebook.com/sscmilkymaskbysreypich,N/A,"Pin Location: Phnom Penh, Cambodia",https://m.me/sscmilkymaskbysreypich,https://www.google.com/maps/search/?api=1&query=Sscmilkymaskbysreypich%2C%20Phnom%20Penh%2C%20Cambodia,Phnom Penh,1,2026-08-06 05:26:06
250,The Type Mask 100071626068363 Beauty,FACEBOOK,https://www.facebook.com/p/The-Type-Mask-100071626068363,071 626 0683,"Pin Location: Phnom Penh, Cambodia",N/A,https://www.google.com/maps/search/?api=1&query=The%20Type%20Mask%20100071626068363%2C%20Phnom%20Penh%2C%20Cambodia,Phnom Penh,1,2026-08-06 05:26:06
251,Shineglowmask Beauty,FACEBOOK,https://www.facebook.com/ShineGlowMask,N/A,"Pin Location: Phnom Penh, Cambodia",https://m.me/ShineGlowMask,https://www.google.com/maps/search/?api=1&query=Shineglowmask%2C%20Phnom%20Penh%2C%20Cambodia,Phnom Penh,1,2026-08-06 05:26:06
252,Beyond Gold Mask 100083561851093 Beauty,FACEBOOK,https://www.facebook.com/p/Beyond-Gold-Mask-100083561851093,083 561 8510,"Pin Location: Phnom Penh, Cambodia",N/A,https://www.google.com/maps/search/?api=1&query=Beyond%20Gold%20Mask%20100083561851093%2C%20Phnom%20Penh%2C%20Cambodia,Phnom Penh,1,2026-08-06 05:26:06
253,Huyco203 Beauty,TIKTOK,https://www.tiktok.com/@huyco203,N/A,"Pin Location: Phnom Penh, Cambodia",N/A,https://www.google.com/maps/search/?api=1&query=Huyco203%2C%20Phnom%20Penh%2C%20Cambodia,Phnom Penh,0,2026-08-06 05:26:06
254,Bestie Store Stm Beauty,TIKTOK,https://www.tiktok.com/@bestie.store.stm,N/A,"653 មហាវិថី កម្ពុជាក្រោម (១២៨), ភ្នំពេញ",N/A,https://www.google.com/maps/search/?api=1&query=Bestie%20Store%20Stm%2C%20Phnom%20Penh%2C%20Cambodia,Phnom Penh,1,2026-08-06 05:26:06
255,Exclusivafoam Beauty,FACEBOOK,https://www.facebook.com/ExclusivaFoam,N/A,"Pin Location: Phnom Penh, Cambodia",https://m.me/ExclusivaFoam,https://www.google.com/maps/search/?api=1&query=Exclusivafoam%2C%20Phnom%20Penh%2C%20Cambodia,Phnom Penh,1,2026-08-06 05:26:06
256,Goodlookbeautyskincare Beauty,FACEBOOK,https://www.facebook.com/goodlookbeautyskincare,N/A,"Pin Location: Phnom Penh, Cambodia",https://m.me/goodlookbeautyskincare,https://www.google.com/maps/search/?api=1&query=Goodlookbeautyskincare%2C%20Phnom%20Penh%2C%20Cambodia,Phnom Penh,1,2026-08-06 05:26:06
257,Michiyokorea Beauty,FACEBOOK,https://www.facebook.com/Michiyokorea,N/A,"Pin Location: Phnom Penh, Cambodia",https://m.me/Michiyokorea,https://www.google.com/maps/search/?api=1&query=Michiyokorea%2C%20Phnom%20Penh%2C%20Cambodia,Phnom Penh,1,2026-08-06 05:26:06
258,Bezel Foam Cambodia 577381646004128 Beauty,FACEBOOK,https://www.facebook.com/Bezel-Foam-Cambodia-577381646004128,N/A,"Pin Location: Phnom Penh, Cambodia",https://m.me/Bezel-Foam-Cambodia-577381646004128,https://www.google.com/maps/search/?api=1&query=Bezel%20Foam%20Cambodia%20577381646004128%2C%20Phnom%20Penh%2C%20Cambodia,Phnom Penh,1,2026-08-06 05:26:06
259,Bambonaturekh Beauty,FACEBOOK,https://www.facebook.com/bambonaturekh,N/A,"Pin Location: Phnom Penh, Cambodia",https://m.me/bambonaturekh,https://www.google.com/maps/search/?api=1&query=Bambonaturekh%2C%20Phnom%20Penh%2C%20Cambodia,Phnom Penh,1,2026-08-06 05:26:06
260,Hk7Brandcambodia168 Beauty,FACEBOOK,https://www.facebook.com/hk7brandcambodia168,N/A,"Pin Location: Phnom Penh, Cambodia",https://m.me/hk7brandcambodia168,https://www.google.com/maps/search/?api=1&query=Hk7Brandcambodia168%2C%20Phnom%20Penh%2C%20Cambodia,Phnom Penh,1,2026-08-06 05:26:06
261,Kavana Group Beauty,FACEBOOK,https://www.facebook.com/KAVANA.Group,N/A,"Pin Location: Phnom Penh, Cambodia",https://m.me/KAVANA.Group,https://www.google.com/maps/search/?api=1&query=Kavana%20Group%2C%20Phnom%20Penh%2C%20Cambodia,Phnom Penh,1,2026-08-06 05:26:06
262,Rr Beauty Cambodia 1224313254391319 Beauty,FACEBOOK,https://www.facebook.com/RR-Beauty-Cambodia-1224313254391319,N/A,"Pin Location: Phnom Penh, Cambodia",https://m.me/RR-Beauty-Cambodia-1224313254391319,https://www.google.com/maps/search/?api=1&query=Rr%20Beauty%20Cambodia%201224313254391319%2C%20Phnom%20Penh%2C%20Cambodia,Phnom Penh,1,2026-08-06 05:26:06
263,Datoro223377 Beauty,TIKTOK,https://www.tiktok.com/@datoro223377,N/A,"Pin Location: Phnom Penh, Cambodia",N/A,https://www.google.com/maps/search/?api=1&query=Datoro223377%2C%20Phnom%20Penh%2C%20Cambodia,Phnom Penh,0,2026-08-06 05:26:06
264,P3Lipstickcambodia Beauty,FACEBOOK,https://www.facebook.com/P3LipstickCambodia,N/A,"Pin Location: Phnom Penh, Cambodia",https://m.me/P3LipstickCambodia,https://www.google.com/maps/search/?api=1&query=P3Lipstickcambodia%2C%20Phnom%20Penh%2C%20Cambodia,Phnom Penh,1,2026-08-06 05:26:06
265,3In1Lipsticks Beauty,FACEBOOK,https://www.facebook.com/3in1Lipsticks,N/A,"Pin Location: Phnom Penh, Cambodia",https://m.me/3in1Lipsticks,https://www.google.com/maps/search/?api=1&query=3In1Lipsticks%2C%20Phnom%20Penh%2C%20Cambodia,Phnom Penh,1,2026-08-06 05:26:06
266,Thelipstickstyle Beauty,FACEBOOK,https://www.facebook.com/Thelipstickstyle,N/A,"Pin Location: Phnom Penh, Cambodia",https://m.me/Thelipstickstyle,https://www.google.com/maps/search/?api=1&query=Thelipstickstyle%2C%20Phnom%20Penh%2C%20Cambodia,Phnom Penh,1,2026-08-06 05:26:06
267,ភាគថៃល្បីៗ Sn 2 103782284508158 Beauty,FACEBOOK,https://www.facebook.com/ភាគថៃល្បីៗ-SN-2-103782284508158,037 822 8450,"Pin Location: Phnom Penh, Cambodia",N/A,https://www.google.com/maps/search/?api=1&query=%E1%9E%97%E1%9E%B6%E1%9E%82%E1%9E%90%E1%9F%83%E1%9E%9B%E1%9F%92%E1%9E%94%E1%9E%B8%E1%9F%97%20Sn%202%20103782284508158%2C%20Phnom%20Penh%2C%20Cambodia,Phnom Penh,1,2026-08-06 05:26:06
268,Daisyshop369 Beauty,FACEBOOK,https://www.facebook.com/DaisyShop369,N/A,"Pin Location: Phnom Penh, Cambodia",https://m.me/DaisyShop369,https://www.google.com/maps/search/?api=1&query=Daisyshop369%2C%20Phnom%20Penh%2C%20Cambodia,Phnom Penh,1,2026-08-06 05:26:06
269,Deluxelipstickshop Beauty,FACEBOOK,https://www.facebook.com/deluxelipstickshop,N/A,"Pin Location: Phnom Penh, Cambodia",https://m.me/deluxelipstickshop,https://www.google.com/maps/search/?api=1&query=Deluxelipstickshop%2C%20Phnom%20Penh%2C%20Cambodia,Phnom Penh,1,2026-08-06 05:26:06
270,61577943869508 Beauty,FACEBOOK,https://www.facebook.com/61577943869508,N/A,"Pin Location: Phnom Penh, Cambodia",https://m.me/61577943869508,https://www.google.com/maps/search/?api=1&query=61577943869508%2C%20Phnom%20Penh%2C%20Cambodia,Phnom Penh,1,2026-08-06 05:26:06
271,Rasalipbrandthai Beauty,FACEBOOK,https://www.facebook.com/rasalipbrandthai,N/A,"Pin Location: Phnom Penh, Cambodia",https://m.me/rasalipbrandthai,https://www.google.com/maps/search/?api=1&query=Rasalipbrandthai%2C%20Phnom%20Penh%2C%20Cambodia,Phnom Penh,1,2026-08-06 05:26:06
272,61565156183786 Beauty,FACEBOOK,https://www.facebook.com/61565156183786,N/A,"Pin Location: Phnom Penh, Cambodia",https://m.me/61565156183786,https://www.google.com/maps/search/?api=1&query=61565156183786%2C%20Phnom%20Penh%2C%20Cambodia,Phnom Penh,1,2026-08-06 05:26:06
273,Mai Lipstick Beauty,TIKTOK,https://www.tiktok.com/@mai.lipstick,N/A,"Pin Location: Phnom Penh, Cambodia",N/A,https://www.google.com/maps/search/?api=1&query=Mai%20Lipstick%2C%20Phnom%20Penh%2C%20Cambodia,Phnom Penh,0,2026-08-06 05:26:06
274,Nakluklipstick Beauty,TIKTOK,https://www.tiktok.com/@nakluklipstick,N/A,"Pin Location: Phnom Penh, Cambodia",N/A,https://www.google.com/maps/search/?api=1&query=Nakluklipstick%2C%20Phnom%20Penh%2C%20Cambodia,Phnom Penh,0,2026-08-06 05:26:06
275,Cosmetic_Thestore Beauty,TIKTOK,https://www.tiktok.com/@cosmetic_thestore,N/A,"Pin Location: Phnom Penh, Cambodia",N/A,https://www.google.com/maps/search/?api=1&query=Cosmetic_Thestore%2C%20Phnom%20Penh%2C%20Cambodia,Phnom Penh,0,2026-08-06 05:26:06
276,Lushskin Cc Beauty,TIKTOK,https://www.tiktok.com/@lushskin.cc,N/A,"Pin Location: Phnom Penh, Cambodia",N/A,https://www.google.com/maps/search/?api=1&query=Lushskin%20Cc%2C%20Phnom%20Penh%2C%20Cambodia,Phnom Penh,0,2026-08-06 05:26:06
277,Kk_Beauty Kk Beauty,TIKTOK,https://www.tiktok.com/@kk_beauty.kk,N/A,"Pin Location: Phnom Penh, Cambodia",N/A,https://www.google.com/maps/search/?api=1&query=Kk_Beauty%20Kk%2C%20Phnom%20Penh%2C%20Cambodia,Phnom Penh,0,2026-08-06 05:26:06
278,Lenectcambodia Beauty,FACEBOOK,https://www.facebook.com/lenectcambodia,N/A,"Pin Location: Phnom Penh, Cambodia",https://m.me/lenectcambodia,https://www.google.com/maps/search/?api=1&query=Lenectcambodia%2C%20Phnom%20Penh%2C%20Cambodia,Phnom Penh,1,2026-08-06 05:26:06
279,Lipstickcam Beauty,FACEBOOK,https://www.facebook.com/lipstickcam,N/A,"Pin Location: Phnom Penh, Cambodia",https://m.me/lipstickcam,https://www.google.com/maps/search/?api=1&query=Lipstickcam%2C%20Phnom%20Penh%2C%20Cambodia,Phnom Penh,1,2026-08-06 05:26:06
280,Xscosmetic Beauty,FACEBOOK,https://www.facebook.com/xscosmetic,N/A,"GWV7+RC9, ផ្លូវលេខ ១៦៣, ភ្នំពេញ",N/A,https://www.google.com/maps/search/?api=1&query=Xscosmetic%2C%20Phnom%20Penh%2C%20Cambodia,Phnom Penh,1,2026-08-06 05:26:06
281,Kim Beauty Cambodia Beauty,FACEBOOK,https://www.facebook.com/kim.beauty.cambodia,N/A,"Chipmong Landmark, 156 St Commercial, 271, ភ្នំពេញ 120601",N/A,https://www.google.com/maps/search/?api=1&query=Kim%20Beauty%20Cambodia%2C%20Phnom%20Penh%2C%20Cambodia,Phnom Penh,1,2026-08-06 05:26:06
282,Lipglosskh Beauty,FACEBOOK,https://www.facebook.com/lipglosskh,N/A,"Pin Location: Phnom Penh, Cambodia",https://m.me/lipglosskh,https://www.google.com/maps/search/?api=1&query=Lipglosskh%2C%20Phnom%20Penh%2C%20Cambodia,Phnom Penh,1,2026-08-06 05:26:06
283,Selection Usa Beauty,FACEBOOK,https://www.facebook.com/selection.usa,N/A,"Pin Location: Phnom Penh, Cambodia",https://m.me/selection.usa,https://www.google.com/maps/search/?api=1&query=Selection%20Usa%2C%20Phnom%20Penh%2C%20Cambodia,Phnom Penh,1,2026-08-06 05:26:06
284,Bararel Lip Tint 229534127890612 Beauty,FACEBOOK,https://www.facebook.com/Bararel-lip-tint-229534127890612,N/A,"Pin Location: Phnom Penh, Cambodia",https://m.me/Bararel-lip-tint-229534127890612,https://www.google.com/maps/search/?api=1&query=Bararel%20Lip%20Tint%20229534127890612%2C%20Phnom%20Penh%2C%20Cambodia,Phnom Penh,1,2026-08-06 05:26:06
285,Lipnlip Shop,FACEBOOK,https://www.facebook.com/lipnlip.shop,N/A,"Pin Location: Phnom Penh, Cambodia",https://m.me/lipnlip.shop,https://www.google.com/maps/search/?api=1&query=Lipnlip%20Shop%2C%20Phnom%20Penh%2C%20Cambodia,Phnom Penh,1,2026-08-06 05:26:06
286,2Beautyonline Beauty,FACEBOOK,https://www.facebook.com/2beautyonline,N/A,"Pin Location: Phnom Penh, Cambodia",https://t.me/2beautyonline,https://www.google.com/maps/search/?api=1&query=2Beautyonline%2C%20Phnom%20Penh%2C%20Cambodia,Phnom Penh,1,2026-08-06 05:26:06
287,Biz Beauty,FACEBOOK,https://www.facebook.com/biz,N/A,"Pin Location: Phnom Penh, Cambodia",https://m.me/biz,https://www.google.com/maps/search/?api=1&query=Biz%2C%20Phnom%20Penh%2C%20Cambodia,Phnom Penh,1,2026-08-06 05:26:06
288,Myshinecambodia Beauty,FACEBOOK,https://www.facebook.com/Myshinecambodia,N/A,"Pin Location: Phnom Penh, Cambodia",https://m.me/Myshinecambodia,https://www.google.com/maps/search/?api=1&query=Myshinecambodia%2C%20Phnom%20Penh%2C%20Cambodia,Phnom Penh,1,2026-08-06 05:26:06
289,Maliiskin_Kh Beauty,TIKTOK,https://www.tiktok.com/@maliiskin_kh,N/A,"Pin Location: Phnom Penh, Cambodia",N/A,https://www.google.com/maps/search/?api=1&query=Maliiskin_Kh%2C%20Phnom%20Penh%2C%20Cambodia,Phnom Penh,0,2026-08-06 05:26:06
290,Monyrachana999 Beauty,TIKTOK,https://www.tiktok.com/@monyrachana999,N/A,"Pin Location: Phnom Penh, Cambodia",N/A,https://www.google.com/maps/search/?api=1&query=Monyrachana999%2C%20Phnom%20Penh%2C%20Cambodia,Phnom Penh,0,2026-08-06 05:26:06
294,Haileyofficialpage Beauty,FACEBOOK,https://www.facebook.com/HaileyOfficialPage,N/A,"Pin Location: Phnom Penh, Cambodia",https://m.me/HaileyOfficialPage,https://www.google.com/maps/search/?api=1&query=Haileyofficialpage%2C%20Phnom%20Penh%2C%20Cambodia,Phnom Penh,1,2026-08-06 05:26:06
295,61577112006331 Beauty,FACEBOOK,https://www.facebook.com/61577112006331,N/A,"Pin Location: Phnom Penh, Cambodia",https://m.me/61577112006331,https://www.google.com/maps/search/?api=1&query=61577112006331%2C%20Phnom%20Penh%2C%20Cambodia,Phnom Penh,1,2026-08-06 05:26:06
296,Thebeautyhivepp Beauty,FACEBOOK,https://www.facebook.com/thebeautyhivepp,N/A,"Pin Location: Phnom Penh, Cambodia",https://m.me/thebeautyhivepp,https://www.google.com/maps/search/?api=1&query=Thebeautyhivepp%2C%20Phnom%20Penh%2C%20Cambodia,Phnom Penh,1,2026-08-06 05:26:06
298,Ckf Org Kh Beauty,FACEBOOK,https://www.facebook.com/ckf.org.kh,N/A,"Pin Location: Phnom Penh, Cambodia",https://m.me/ckf.org.kh,https://www.google.com/maps/search/?api=1&query=Ckf%20Org%20Kh%2C%20Phnom%20Penh%2C%20Cambodia,Phnom Penh,1,2026-08-06 05:26:06
299,Adidascambodiastore Beauty,TIKTOK,https://www.tiktok.com/@adidascambodiastore,N/A,"Pin Location: Phnom Penh, Cambodia",N/A,https://www.google.com/maps/search/?api=1&query=Adidascambodiastore%2C%20Phnom%20Penh%2C%20Cambodia,Phnom Penh,0,2026-08-06 05:26:06
300,Rhcustomcambodia Beauty,FACEBOOK,https://www.facebook.com/RHCustomCambodia,N/A,"64A Phum Prek Torl Sangkat Stung Meanchey 2 Khan Meanchey Phnom Penh, 12350",N/A,https://www.google.com/maps/search/?api=1&query=Rhcustomcambodia%2C%20Phnom%20Penh%2C%20Cambodia,Phnom Penh,1,2026-08-06 05:26:06
301,Xingyazou Beauty,FACEBOOK,https://www.facebook.com/xingyazou,N/A,"HW4Q+964, ភ្នំពេញ",N/A,https://www.google.com/maps/search/?api=1&query=Xingyazou%2C%20Phnom%20Penh%2C%20Cambodia,Phnom Penh,1,2026-08-06 05:26:06
302,Powdercoatcambodia Beauty,FACEBOOK,https://www.facebook.com/powdercoatcambodia,N/A,"64A Phum Prek Torl Sangkat Stung Meanchey 2 Khan Meanchey Phnom Penh, 12350",N/A,https://www.google.com/maps/search/?api=1&query=Powdercoatcambodia%2C%20Phnom%20Penh%2C%20Cambodia,Phnom Penh,1,2026-08-06 05:26:06
303,Qtycarebrand Beauty,FACEBOOK,https://www.facebook.com/QtycareBrand,N/A,"Pin Location: Phnom Penh, Cambodia",https://m.me/QtycareBrand,https://www.google.com/maps/search/?api=1&query=Qtycarebrand%2C%20Phnom%20Penh%2C%20Cambodia,Phnom Penh,1,2026-08-06 05:26:06
305,Coffee Machine Cambodia 100057546754887 Beauty,FACEBOOK,https://www.facebook.com/p/Coffee-Machine-Cambodia-100057546754887,057 546 7548,"Pin Location: Phnom Penh, Cambodia",N/A,https://www.google.com/maps/search/?api=1&query=Coffee%20Machine%20Cambodia%20100057546754887%2C%20Phnom%20Penh%2C%20Cambodia,Phnom Penh,1,2026-08-06 05:26:06
306,Thealleyaeonmallsensok Beauty,FACEBOOK,https://www.facebook.com/thealleyaeonmallsensok,N/A,"Pin Location: Sensok, Phnom Penh, Cambodia",https://m.me/thealleyaeonmallsensok,https://www.google.com/maps/search/?api=1&query=Thealleyaeonmallsensok%2C%20Sensok%2C%20Phnom%20Penh%2C%20Cambodia,Sensok,1,2026-08-06 05:26:06
307,Visitingcambodia Beauty,TIKTOK,https://www.tiktok.com/@visitingcambodia,N/A,"HW83+PP7, ភ្នំពេញ",N/A,https://www.google.com/maps/search/?api=1&query=Visitingcambodia%2C%20Phnom%20Penh%2C%20Cambodia,Phnom Penh,1,2026-08-06 05:26:06
308,Voice_Somleng Beauty,TIKTOK,https://www.tiktok.com/@voice_somleng,N/A,"Pin Location: Phnom Penh, Cambodia",N/A,https://www.google.com/maps/search/?api=1&query=Voice_Somleng%2C%20Phnom%20Penh%2C%20Cambodia,Phnom Penh,0,2026-08-06 05:26:06
309,Rnrbodaylotion Beauty,FACEBOOK,https://www.facebook.com/RnRBodayLotion,N/A,"Pin Location: Phnom Penh, Cambodia",https://m.me/RnRBodayLotion,https://www.google.com/maps/search/?api=1&query=Rnrbodaylotion%2C%20Phnom%20Penh%2C%20Cambodia,Phnom Penh,1,2026-08-06 05:26:06
310,Lkwhitebodylotion Beauty,FACEBOOK,https://www.facebook.com/LKwhitebodylotion,N/A,"Pin Location: Phnom Penh, Cambodia",https://m.me/LKwhitebodylotion,https://www.google.com/maps/search/?api=1&query=Lkwhitebodylotion%2C%20Phnom%20Penh%2C%20Cambodia,Phnom Penh,1,2026-08-06 05:26:06
311,Peachpeeling Beauty,FACEBOOK,https://www.facebook.com/peachpeeling,N/A,"Pin Location: Phnom Penh, Cambodia",https://m.me/peachpeeling,https://www.google.com/maps/search/?api=1&query=Peachpeeling%2C%20Phnom%20Penh%2C%20Cambodia,Phnom Penh,1,2026-08-06 05:26:06
312,Essurabodylotion Beauty,FACEBOOK,https://www.facebook.com/Essurabodylotion,N/A,"9B, Phnom Penh 12000",N/A,https://www.google.com/maps/search/?api=1&query=Essurabodylotion%2C%20Phnom%20Penh%2C%20Cambodia,Phnom Penh,1,2026-08-06 05:26:06
313,Nanathongmakeup Beauty,FACEBOOK,https://www.facebook.com/Nanathongmakeup,N/A,"Pin Location: Phnom Penh, Cambodia",https://m.me/Nanathongmakeup,https://www.google.com/maps/search/?api=1&query=Nanathongmakeup%2C%20Phnom%20Penh%2C%20Cambodia,Phnom Penh,1,2026-08-06 05:26:06
314,Sodaleebeaute Beauty,FACEBOOK,https://www.facebook.com/SodaleeBeaute,N/A,"Pin Location: Phnom Penh, Cambodia",https://m.me/SodaleeBeaute,https://www.google.com/maps/search/?api=1&query=Sodaleebeaute%2C%20Phnom%20Penh%2C%20Cambodia,Phnom Penh,1,2026-08-06 05:26:06
315,Malishlotioncambodia Beauty,FACEBOOK,https://www.facebook.com/MalishLotioncambodia,N/A,"Pin Location: Phnom Penh, Cambodia",https://m.me/MalishLotioncambodia,https://www.google.com/maps/search/?api=1&query=Malishlotioncambodia%2C%20Phnom%20Penh%2C%20Cambodia,Phnom Penh,1,2026-08-06 05:26:06
316,Pichbodaylotion Beauty,FACEBOOK,https://www.facebook.com/pichbodaylotion,N/A,"Pin Location: Phnom Penh, Cambodia",https://m.me/pichbodaylotion,https://www.google.com/maps/search/?api=1&query=Pichbodaylotion%2C%20Phnom%20Penh%2C%20Cambodia,Phnom Penh,1,2026-08-06 05:26:06
317,Cybodylotion Beauty,FACEBOOK,https://www.facebook.com/CYBodyLotion,N/A,"Pin Location: Phnom Penh, Cambodia",https://m.me/CYBodyLotion,https://www.google.com/maps/search/?api=1&query=Cybodylotion%2C%20Phnom%20Penh%2C%20Cambodia,Phnom Penh,1,2026-08-06 05:26:06
318,61557006845645 Beauty,FACEBOOK,https://www.facebook.com/61557006845645,06845645,"Pin Location: Phnom Penh, Cambodia",N/A,https://www.google.com/maps/search/?api=1&query=61557006845645%2C%20Phnom%20Penh%2C%20Cambodia,Phnom Penh,1,2026-08-06 05:26:06
319,100065187602314 Beauty,FACEBOOK,https://www.facebook.com/100065187602314,065 187 6023,"Pin Location: Phnom Penh, Cambodia",N/A,https://www.google.com/maps/search/?api=1&query=100065187602314%2C%20Phnom%20Penh%2C%20Cambodia,Phnom Penh,1,2026-08-06 05:26:06
320,Skinlab Kh Beauty,TIKTOK,https://www.tiktok.com/@skinlab.kh,N/A,"Pin Location: Phnom Penh, Cambodia",N/A,https://www.google.com/maps/search/?api=1&query=Skinlab%20Kh%2C%20Phnom%20Penh%2C%20Cambodia,Phnom Penh,0,2026-08-06 05:26:06
321,Meliabeautyofficial Beauty,TIKTOK,https://www.tiktok.com/@meliabeautyofficial,N/A,"Pin Location: Phnom Penh, Cambodia",N/A,https://www.google.com/maps/search/?api=1&query=Meliabeautyofficial%2C%20Phnom%20Penh%2C%20Cambodia,Phnom Penh,0,2026-08-06 05:26:06
322,Koreanskincarecambodian Beauty,FACEBOOK,https://www.facebook.com/KoreanskincareCambodian,N/A,"Pin Location: Phnom Penh, Cambodia",https://m.me/KoreanskincareCambodian,https://www.google.com/maps/search/?api=1&query=Koreanskincarecambodian%2C%20Phnom%20Penh%2C%20Cambodia,Phnom Penh,1,2026-08-06 05:26:06
323,Kbeautycambodia Beauty,FACEBOOK,https://www.facebook.com/kbeautycambodia,N/A,"321-325 មហាវិថី ម៉ៅសេទុង (២៤៥), ភ្នំពេញ",N/A,https://www.google.com/maps/search/?api=1&query=Kbeautycambodia%2C%20Phnom%20Penh%2C%20Cambodia,Phnom Penh,1,2026-08-06 05:26:06
324,Koreanskinkh Beauty,FACEBOOK,https://www.facebook.com/koreanskinkh,N/A,"Pin Location: Phnom Penh, Cambodia",https://m.me/koreanskinkh,https://www.google.com/maps/search/?api=1&query=Koreanskinkh%2C%20Phnom%20Penh%2C%20Cambodia,Phnom Penh,1,2026-08-06 05:26:06
325,Koreanskinshop168 Beauty,FACEBOOK,https://www.facebook.com/koreanskinshop168,N/A,"Pin Location: Phnom Penh, Cambodia",https://m.me/koreanskinshop168,https://www.google.com/maps/search/?api=1&query=Koreanskinshop168%2C%20Phnom%20Penh%2C%20Cambodia,Phnom Penh,1,2026-08-06 05:26:06
326,Theskincambodia Beauty,FACEBOOK,https://www.facebook.com/theskincambodia,N/A,"Pin Location: Phnom Penh, Cambodia",https://m.me/theskincambodia,https://www.google.com/maps/search/?api=1&query=Theskincambodia%2C%20Phnom%20Penh%2C%20Cambodia,Phnom Penh,1,2026-08-06 05:26:06
327,Bbnhcambodia Beauty,FACEBOOK,https://www.facebook.com/bbnhcambodia,N/A,"Pin Location: Phnom Penh, Cambodia",https://m.me/bbnhcambodia,https://www.google.com/maps/search/?api=1&query=Bbnhcambodia%2C%20Phnom%20Penh%2C%20Cambodia,Phnom Penh,1,2026-08-06 05:26:06
328,Skincareroomcam Beauty,FACEBOOK,https://www.facebook.com/SkincareRoomCam,N/A,"Pin Location: Phnom Penh, Cambodia",https://m.me/SkincareRoomCam,https://www.google.com/maps/search/?api=1&query=Skincareroomcam%2C%20Phnom%20Penh%2C%20Cambodia,Phnom Penh,1,2026-08-06 05:26:06
329,Authentic Korean Skincare Cambodia Beauty,FACEBOOK,https://www.facebook.com/Authentic.Korean.Skincare.Cambodia,N/A,"Pin Location: Phnom Penh, Cambodia",https://m.me/Authentic.Korean.Skincare.Cambodia,https://www.google.com/maps/search/?api=1&query=Authentic%20Korean%20Skincare%20Cambodia%2C%20Phnom%20Penh%2C%20Cambodia,Phnom Penh,1,2026-08-06 05:26:06
330,Madamkskincare Beauty,FACEBOOK,https://www.facebook.com/MadamKSkincare,N/A,"100 ផ្លូវលេខ ១៦៤, ភ្នំពេញ",N/A,https://www.google.com/maps/search/?api=1&query=Madamkskincare%2C%20Phnom%20Penh%2C%20Cambodia,Phnom Penh,1,2026-08-06 05:26:06
331,Salinaskincare Beauty,FACEBOOK,https://www.facebook.com/salinaskincare,N/A,"Pin Location: Phnom Penh, Cambodia",https://m.me/salinaskincare,https://www.google.com/maps/search/?api=1&query=Salinaskincare%2C%20Phnom%20Penh%2C%20Cambodia,Phnom Penh,1,2026-08-06 05:26:06
332,Pristinebeauty Kh Beauty,FACEBOOK,https://www.facebook.com/pristinebeauty.kh,N/A,"Pin Location: Phnom Penh, Cambodia",https://m.me/pristinebeauty.kh,https://www.google.com/maps/search/?api=1&query=Pristinebeauty%20Kh%2C%20Phnom%20Penh%2C%20Cambodia,Phnom Penh,1,2026-08-06 05:26:06
333,Korean Skin Care 101786438067643 Beauty,FACEBOOK,https://www.facebook.com/Korean-Skin-Care-101786438067643,017 864 3806,"Pin Location: Phnom Penh, Cambodia",N/A,https://www.google.com/maps/search/?api=1&query=Korean%20Skin%20Care%20101786438067643%2C%20Phnom%20Penh%2C%20Cambodia,Phnom Penh,1,2026-08-06 05:26:06
334,Honey385 Beauty,FACEBOOK,https://www.facebook.com/honey385,N/A,"Pin Location: Phnom Penh, Cambodia",https://m.me/honey385,https://www.google.com/maps/search/?api=1&query=Honey385%2C%20Phnom%20Penh%2C%20Cambodia,Phnom Penh,1,2026-08-06 05:26:06
335,Beyond_Cosmetology Beauty,TIKTOK,https://www.tiktok.com/@beyond_cosmetology,N/A,"No 20, St 590, TK Phnom Penh, 12152",N/A,https://www.google.com/maps/search/?api=1&query=Beyond_Cosmetology%2C%20Phnom%20Penh%2C%20Cambodia,Phnom Penh,1,2026-08-06 05:26:06
336,Helmuthcool Beauty,TIKTOK,https://www.tiktok.com/@helmuthcool,N/A,"Pin Location: Phnom Penh, Cambodia",N/A,https://www.google.com/maps/search/?api=1&query=Helmuthcool%2C%20Phnom%20Penh%2C%20Cambodia,Phnom Penh,0,2026-08-06 05:26:06
337,Anessa Store 61551956985320 Beauty,FACEBOOK,https://www.facebook.com/p/Anessa-Store-61551956985320,N/A,"Pin Location: Phnom Penh, Cambodia",https://m.me/Anessa-Store-61551956985320,https://www.google.com/maps/search/?api=1&query=Anessa%20Store%2061551956985320%2C%20Phnom%20Penh%2C%20Cambodia,Phnom Penh,1,2026-08-06 05:26:06
338,Skinishh9Kh Beauty,FACEBOOK,https://www.facebook.com/skinishh9kh,N/A,"Pin Location: Phnom Penh, Cambodia",https://m.me/skinishh9kh,https://www.google.com/maps/search/?api=1&query=Skinishh9Kh%2C%20Phnom%20Penh%2C%20Cambodia,Phnom Penh,1,2026-08-06 05:26:06
339,Kidsfairanussa Beauty,FACEBOOK,https://www.facebook.com/kidsfairanussa,N/A,"Pin Location: Phnom Penh, Cambodia",https://m.me/kidsfairanussa,https://www.google.com/maps/search/?api=1&query=Kidsfairanussa%2C%20Phnom%20Penh%2C%20Cambodia,Phnom Penh,1,2026-08-06 05:26:06
340,Phnompenhheartstore Beauty,FACEBOOK,https://www.facebook.com/phnompenhheartstore,N/A,"Pin Location: Phnom Penh, Cambodia",https://m.me/phnompenhheartstore,https://www.google.com/maps/search/?api=1&query=Phnompenhheartstore%2C%20Phnom%20Penh%2C%20Cambodia,Phnom Penh,1,2026-08-06 05:26:06
341,Phintokyoplazaphnompenh Beauty,FACEBOOK,https://www.facebook.com/PHINTOKYOPLAZAPhnomPenh,N/A,"Street 57, Phnom Penh 120102",N/A,https://www.google.com/maps/search/?api=1&query=Phintokyoplazaphnompenh%2C%20Phnom%20Penh%2C%20Cambodia,Phnom Penh,1,2026-08-06 05:26:06
343,Phnom Penh 393 Beauty,FACEBOOK,https://www.facebook.com/phnom.penh.393,N/A,"Pin Location: Phnom Penh, Cambodia",https://m.me/phnom.penh.393,https://www.google.com/maps/search/?api=1&query=Phnom%20Penh%20393%2C%20Phnom%20Penh%2C%20Cambodia,Phnom Penh,1,2026-08-06 05:26:06
344,Namutrip7 Beauty,TIKTOK,https://www.tiktok.com/@namutrip7,N/A,"Pin Location: Phnom Penh, Cambodia",N/A,https://www.google.com/maps/search/?api=1&query=Namutrip7%2C%20Phnom%20Penh%2C%20Cambodia,Phnom Penh,0,2026-08-06 05:26:06
345,Biore Cambodia Beauty,FACEBOOK,https://www.facebook.com/biore.cambodia,N/A,"Pin Location: Phnom Penh, Cambodia",https://m.me/biore.cambodia,https://www.google.com/maps/search/?api=1&query=Biore%20Cambodia%2C%20Phnom%20Penh%2C%20Cambodia,Phnom Penh,1,2026-08-06 05:26:06
346,Bb2In1 Beauty,FACEBOOK,https://www.facebook.com/bb2in1,N/A,"CVRR+PP, ភ្នំពេញ",N/A,https://www.google.com/maps/search/?api=1&query=Bb2In1%2C%20Phnom%20Penh%2C%20Cambodia,Phnom Penh,1,2026-08-06 05:26:06
347,Sunpharmacyjp Beauty,FACEBOOK,https://www.facebook.com/SUNPharmacyJP,N/A,"#8CE0, Street 310, Phnom Penh",N/A,https://www.google.com/maps/search/?api=1&query=Sunpharmacyjp%2C%20Phnom%20Penh%2C%20Cambodia,Phnom Penh,1,2026-08-06 05:26:06
348,Sartaandcstore79 Beauty,FACEBOOK,https://www.facebook.com/sartaandcstore79,N/A,"Pin Location: Phnom Penh, Cambodia",https://m.me/sartaandcstore79,https://www.google.com/maps/search/?api=1&query=Sartaandcstore79%2C%20Phnom%20Penh%2C%20Cambodia,Phnom Penh,1,2026-08-06 05:26:06
349,Yadasunscreen Beauty,FACEBOOK,https://www.facebook.com/Yadasunscreen,N/A,"Pin Location: Phnom Penh, Cambodia",https://m.me/Yadasunscreen,https://www.google.com/maps/search/?api=1&query=Yadasunscreen%2C%20Phnom%20Penh%2C%20Cambodia,Phnom Penh,1,2026-08-06 05:26:06
350,Rilinccsunscreencambodia Beauty,FACEBOOK,https://www.facebook.com/RilinCCsunscreenCambodia,N/A,"The Star Polaris, Borey Peng Huoth, 09 Street P-10D, Phnom Penh 121203",N/A,https://www.google.com/maps/search/?api=1&query=Rilinccsunscreencambodia%2C%20Phnom%20Penh%2C%20Cambodia,Phnom Penh,1,2026-08-06 05:26:06
351,Onlineshopnow N Beauty,FACEBOOK,https://www.facebook.com/Onlineshopnow.n,N/A,"Pin Location: Phnom Penh, Cambodia",https://t.me/Onlineshopnow.n,https://www.google.com/maps/search/?api=1&query=Onlineshopnow%20N%2C%20Phnom%20Penh%2C%20Cambodia,Phnom Penh,1,2026-08-06 05:26:06
352,Sunkisssunscreencambodia1 Beauty,FACEBOOK,https://www.facebook.com/sunkisssunscreencambodia1,N/A,"Pin Location: Phnom Penh, Cambodia",https://m.me/sunkisssunscreencambodia1,https://www.google.com/maps/search/?api=1&query=Sunkisssunscreencambodia1%2C%20Phnom%20Penh%2C%20Cambodia,Phnom Penh,1,2026-08-06 05:26:06
353,Yada Sunscreen Cambodia 108334137257934 Beauty,FACEBOOK,https://www.facebook.com/YADA-Sunscreen-Cambodia-108334137257934,083 341 3725,"Pin Location: Phnom Penh, Cambodia",N/A,https://www.google.com/maps/search/?api=1&query=Yada%20Sunscreen%20Cambodia%20108334137257934%2C%20Phnom%20Penh%2C%20Cambodia,Phnom Penh,1,2026-08-06 05:26:06
355,Hollieandersonx Beauty,TIKTOK,https://www.tiktok.com/@hollieandersonx,N/A,"Pin Location: Phnom Penh, Cambodia",N/A,https://www.google.com/maps/search/?api=1&query=Hollieandersonx%2C%20Phnom%20Penh%2C%20Cambodia,Phnom Penh,0,2026-08-06 05:26:06
356,Yumiinkh Beauty,TIKTOK,https://www.tiktok.com/@yumiinkh,N/A,"#58D St. 350 Toul Svay Prey I Khan Chamkarmon Phnom Penh, 58E St 350, Phnom Penh 12308",N/A,https://www.google.com/maps/search/?api=1&query=Yumiinkh%2C%20Phnom%20Penh%2C%20Cambodia,Phnom Penh,1,2026-08-06 05:26:06
357,Bodegaphnompenh Beauty,FACEBOOK,https://www.facebook.com/BodegaPhnomPenh,N/A,"Pin Location: Phnom Penh, Cambodia",https://m.me/BodegaPhnomPenh,https://www.google.com/maps/search/?api=1&query=Bodegaphnompenh%2C%20Phnom%20Penh%2C%20Cambodia,Phnom Penh,1,2026-08-06 05:26:06
358,Whitehorsephnompenh Beauty,FACEBOOK,https://www.facebook.com/whitehorsephnompenh,N/A,"Pin Location: Phnom Penh, Cambodia",https://m.me/whitehorsephnompenh,https://www.google.com/maps/search/?api=1&query=Whitehorsephnompenh%2C%20Phnom%20Penh%2C%20Cambodia,Phnom Penh,1,2026-08-06 05:26:06
360,Phnompenhpost Beauty,FACEBOOK,https://www.facebook.com/PhnomPenhPost,N/A,"41 Street 228, ភ្នំពេញ 120204",N/A,https://www.google.com/maps/search/?api=1&query=Phnompenhpost%2C%20Phnom%20Penh%2C%20Cambodia,Phnom Penh,1,2026-08-06 05:26:06
361,Moonpeacecosmectic Beauty,FACEBOOK,https://www.facebook.com/Moonpeacecosmectic,N/A,"Pin Location: Phnom Penh, Cambodia",https://m.me/Moonpeacecosmectic,https://www.google.com/maps/search/?api=1&query=Moonpeacecosmectic%2C%20Phnom%20Penh%2C%20Cambodia,Phnom Penh,1,2026-08-06 05:26:06
362,100090009978105 Beauty,FACEBOOK,https://www.facebook.com/100090009978105,090 009 9781,"Pin Location: Phnom Penh, Cambodia",N/A,https://www.google.com/maps/search/?api=1&query=100090009978105%2C%20Phnom%20Penh%2C%20Cambodia,Phnom Penh,1,2026-08-06 05:26:06
363,100088724393989 Beauty,FACEBOOK,https://www.facebook.com/100088724393989,088 724 3939,"Pin Location: Phnom Penh, Cambodia",N/A,https://www.google.com/maps/search/?api=1&query=100088724393989%2C%20Phnom%20Penh%2C%20Cambodia,Phnom Penh,1,2026-08-06 05:26:06
364,Koreacosmetics1234 Beauty,FACEBOOK,https://www.facebook.com/koreacosmetics1234,N/A,"Pin Location: Phnom Penh, Cambodia",https://m.me/koreacosmetics1234,https://www.google.com/maps/search/?api=1&query=Koreacosmetics1234%2C%20Phnom%20Penh%2C%20Cambodia,Phnom Penh,1,2026-08-06 05:26:06
365,La Roche In Cambodia 100085670851445 Beauty,FACEBOOK,https://www.facebook.com/p/La-Roche-in-Cambodia-100085670851445,085 670 8514,"Pin Location: Phnom Penh, Cambodia",N/A,https://www.google.com/maps/search/?api=1&query=La%20Roche%20In%20Cambodia%20100085670851445%2C%20Phnom%20Penh%2C%20Cambodia,Phnom Penh,1,2026-08-06 05:26:06
366,100093481472886 Beauty,FACEBOOK,https://www.facebook.com/100093481472886,093 481 4728,"Pin Location: Phnom Penh, Cambodia",N/A,https://www.google.com/maps/search/?api=1&query=100093481472886%2C%20Phnom%20Penh%2C%20Cambodia,Phnom Penh,1,2026-08-06 05:26:06
367,100085698712245 Beauty,FACEBOOK,https://www.facebook.com/100085698712245,085 698 7122,"Pin Location: Phnom Penh, Cambodia",N/A,https://www.google.com/maps/search/?api=1&query=100085698712245%2C%20Phnom%20Penh%2C%20Cambodia,Phnom Penh,1,2026-08-06 05:26:06
368,Jellyonlineshop Com Kh Beauty,FACEBOOK,https://www.facebook.com/JellyOnlineShop.com.kh,N/A,"Pin Location: Phnom Penh, Cambodia",https://t.me/JellyOnlineShop.com.kh,https://www.google.com/maps/search/?api=1&query=Jellyonlineshop%20Com%20Kh%2C%20Phnom%20Penh%2C%20Cambodia,Phnom Penh,1,2026-08-06 05:26:06
369,100085353016803 Beauty,FACEBOOK,https://www.facebook.com/100085353016803,085 353 0168,"Pin Location: Phnom Penh, Cambodia",N/A,https://www.google.com/maps/search/?api=1&query=100085353016803%2C%20Phnom%20Penh%2C%20Cambodia,Phnom Penh,1,2026-08-06 05:26:06
370,La Roche Posay Original From France Sell In Cambodia 104733594724346 Beauty,FACEBOOK,https://www.facebook.com/La-Roche-Posay-Original-From-France-Sell-In-Cambodia-104733594724346,047 335 9472,"Pin Location: Phnom Penh, Cambodia",N/A,https://www.google.com/maps/search/?api=1&query=La%20Roche%20Posay%20Original%20From%20France%20Sell%20In%20Cambodia%20104733594724346%2C%20Phnom%20Penh%2C%20Cambodia,Phnom Penh,1,2026-08-06 05:26:06
371,Cosmetology24K Beauty,FACEBOOK,https://www.facebook.com/cosmetology24K,N/A,"Pin Location: Phnom Penh, Cambodia",https://m.me/cosmetology24K,https://www.google.com/maps/search/?api=1&query=Cosmetology24K%2C%20Phnom%20Penh%2C%20Cambodia,Phnom Penh,1,2026-08-06 05:26:06
372,Nita Love 1822946191065989 Beauty,FACEBOOK,https://www.facebook.com/Nita-Love-1822946191065989,N/A,"#5, Street 5, Sangkat Kantork, Khan Por Senchey Phnom Penh, 8306",N/A,https://www.google.com/maps/search/?api=1&query=Nita%20Love%201822946191065989%2C%20Phnom%20Penh%2C%20Cambodia,Phnom Penh,1,2026-08-06 05:26:06
373,Innisfree Cambodia Classic 100071639258694 Beauty,FACEBOOK,https://www.facebook.com/p/Innisfree-Cambodia-Classic-100071639258694,071 639 2586,"Pin Location: Phnom Penh, Cambodia",N/A,https://www.google.com/maps/search/?api=1&query=Innisfree%20Cambodia%20Classic%20100071639258694%2C%20Phnom%20Penh%2C%20Cambodia,Phnom Penh,1,2026-08-06 05:26:06
374,Innisfre Kh Beauty,FACEBOOK,https://www.facebook.com/innisfre.kh,N/A,"Pin Location: Phnom Penh, Cambodia",https://m.me/innisfre.kh,https://www.google.com/maps/search/?api=1&query=Innisfre%20Kh%2C%20Phnom%20Penh%2C%20Cambodia,Phnom Penh,1,2026-08-06 05:26:06
375,Www Sornseyha 168 Beauty,FACEBOOK,https://www.facebook.com/www.Sornseyha.168,N/A,"Pin Location: Phnom Penh, Cambodia",https://m.me/www.Sornseyha.168,https://www.google.com/maps/search/?api=1&query=Www%20Sornseyha%20168%2C%20Phnom%20Penh%2C%20Cambodia,Phnom Penh,1,2026-08-06 05:26:06
376,100047776881953 Beauty,FACEBOOK,https://www.facebook.com/100047776881953,047 776 8819,"Pin Location: Phnom Penh, Cambodia",N/A,https://www.google.com/maps/search/?api=1&query=100047776881953%2C%20Phnom%20Penh%2C%20Cambodia,Phnom Penh,1,2026-08-06 05:26:06
377,Phnom Penh 164720873608869 Beauty,FACEBOOK,https://www.facebook.com/Phnom-Penh-164720873608869,087 360 8869,"Pin Location: Phnom Penh, Cambodia",N/A,https://www.google.com/maps/search/?api=1&query=Phnom%20Penh%20164720873608869%2C%20Phnom%20Penh%2C%20Cambodia,Phnom Penh,1,2026-08-06 05:26:06
378,Atppkh Beauty,FACEBOOK,https://www.facebook.com/atppkh,N/A,"Pin Location: Phnom Penh, Cambodia",https://m.me/atppkh,https://www.google.com/maps/search/?api=1&query=Atppkh%2C%20Phnom%20Penh%2C%20Cambodia,Phnom Penh,1,2026-08-06 05:26:06
379,Cambodge Phnom Penh Beauty,FACEBOOK,https://www.facebook.com/cambodge.phnom.penh,N/A,"Pin Location: Phnom Penh, Cambodia",https://m.me/cambodge.phnom.penh,https://www.google.com/maps/search/?api=1&query=Cambodge%20Phnom%20Penh%2C%20Phnom%20Penh%2C%20Cambodia,Phnom Penh,1,2026-08-06 05:26:06
380,Sakuracambodiakh Beauty,FACEBOOK,https://www.facebook.com/sakuracambodiaKH,N/A,"Pin Location: Phnom Penh, Cambodia",https://m.me/sakuracambodiaKH,https://www.google.com/maps/search/?api=1&query=Sakuracambodiakh%2C%20Phnom%20Penh%2C%20Cambodia,Phnom Penh,1,2026-08-06 05:26:06
381,Garniercambodia Beauty,FACEBOOK,https://www.facebook.com/GarnierCambodia,N/A,"14 ផ្លូវលេខ ១៩១, ភ្នំពេញ",N/A,https://www.google.com/maps/search/?api=1&query=Garniercambodia%2C%20Phnom%20Penh%2C%20Cambodia,Phnom Penh,1,2026-08-06 05:26:06
382,Thaibeautycambodian Beauty,FACEBOOK,https://www.facebook.com/thaibeautycambodian,N/A,"Pin Location: Phnom Penh, Cambodia",https://m.me/thaibeautycambodian,https://www.google.com/maps/search/?api=1&query=Thaibeautycambodian%2C%20Phnom%20Penh%2C%20Cambodia,Phnom Penh,1,2026-08-06 05:26:06
383,Sakuracambodiastore Beauty,FACEBOOK,https://www.facebook.com/SakuraCambodiaStore,N/A,"Pin Location: Phnom Penh, Cambodia",https://m.me/SakuraCambodiaStore,https://www.google.com/maps/search/?api=1&query=Sakuracambodiastore%2C%20Phnom%20Penh%2C%20Cambodia,Phnom Penh,1,2026-08-06 05:26:06
384,Dy Khen 466649756692811 Beauty,FACEBOOK,https://www.facebook.com/Dy-Khen-466649756692811,N/A,"Pin Location: Phnom Penh, Cambodia",https://m.me/Dy-Khen-466649756692811,https://www.google.com/maps/search/?api=1&query=Dy%20Khen%20466649756692811%2C%20Phnom%20Penh%2C%20Cambodia,Phnom Penh,1,2026-08-06 05:26:06
385,Sakuracambodia168 Beauty,FACEBOOK,https://www.facebook.com/sakuracambodia168,N/A,"Pin Location: Phnom Penh, Cambodia",https://m.me/sakuracambodia168,https://www.google.com/maps/search/?api=1&query=Sakuracambodia168%2C%20Phnom%20Penh%2C%20Cambodia,Phnom Penh,1,2026-08-06 05:26:06
386,Onthetablenrm Beauty,FACEBOOK,https://www.facebook.com/onthetablenrm,N/A,"Pin Location: Phnom Penh, Cambodia",https://m.me/onthetablenrm,https://www.google.com/maps/search/?api=1&query=Onthetablenrm%2C%20Phnom%20Penh%2C%20Cambodia,Phnom Penh,1,2026-08-06 05:26:06
387,Drmonoroth Beauty,TIKTOK,https://www.tiktok.com/@drmonoroth,N/A,"Pin Location: Phnom Penh, Cambodia",N/A,https://www.google.com/maps/search/?api=1&query=Drmonoroth%2C%20Phnom%20Penh%2C%20Cambodia,Phnom Penh,0,2026-08-06 05:26:06
388,493554613838753 Beauty,FACEBOOK,https://www.facebook.com/493554613838753,N/A,"Pin Location: Phnom Penh, Cambodia",https://m.me/493554613838753,https://www.google.com/maps/search/?api=1&query=493554613838753%2C%20Phnom%20Penh%2C%20Cambodia,Phnom Penh,1,2026-08-06 05:26:06
389,61550364152053 Beauty,FACEBOOK,https://www.facebook.com/61550364152053,036 415 2053,"Pin Location: Phnom Penh, Cambodia",N/A,https://www.google.com/maps/search/?api=1&query=61550364152053%2C%20Phnom%20Penh%2C%20Cambodia,Phnom Penh,1,2026-08-06 05:26:06
390,Eclipseonline143 Beauty,FACEBOOK,https://www.facebook.com/eclipseonline143,N/A,"Pin Location: Phnom Penh, Cambodia",https://t.me/eclipseonline143,https://www.google.com/maps/search/?api=1&query=Eclipseonline143%2C%20Phnom%20Penh%2C%20Cambodia,Phnom Penh,1,2026-08-06 05:26:06
391,100085862131681 Beauty,FACEBOOK,https://www.facebook.com/100085862131681,085 862 1316,"Pin Location: Phnom Penh, Cambodia",N/A,https://www.google.com/maps/search/?api=1&query=100085862131681%2C%20Phnom%20Penh%2C%20Cambodia,Phnom Penh,1,2026-08-06 05:26:06
392,Dwglutacosmetices Beauty,FACEBOOK,https://www.facebook.com/dwglutacosmetices,N/A,"Pin Location: Phnom Penh, Cambodia",https://m.me/dwglutacosmetices,https://www.google.com/maps/search/?api=1&query=Dwglutacosmetices%2C%20Phnom%20Penh%2C%20Cambodia,Phnom Penh,1,2026-08-06 05:26:06
393,Enlineskincare Beauty,FACEBOOK,https://www.facebook.com/EnlineSkincare,N/A,"Pin Location: Phnom Penh, Cambodia",https://t.me/EnlineSkincare,https://www.google.com/maps/search/?api=1&query=Enlineskincare%2C%20Phnom%20Penh%2C%20Cambodia,Phnom Penh,1,2026-08-06 05:26:06
394,Gluta Tota 100054223582031 Beauty,FACEBOOK,https://www.facebook.com/p/GLUTA-TOTA-100054223582031,054 223 5820,"Pin Location: Phnom Penh, Cambodia",N/A,https://www.google.com/maps/search/?api=1&query=Gluta%20Tota%20100054223582031%2C%20Phnom%20Penh%2C%20Cambodia,Phnom Penh,1,2026-08-06 05:26:06
395,Lkglutakh Beauty,FACEBOOK,https://www.facebook.com/lkglutakh,N/A,"Pin Location: Phnom Penh, Cambodia",https://m.me/lkglutakh,https://www.google.com/maps/search/?api=1&query=Lkglutakh%2C%20Phnom%20Penh%2C%20Cambodia,Phnom Penh,1,2026-08-06 05:26:06
396,Narybeautyshop Beauty,FACEBOOK,https://www.facebook.com/Narybeautyshop,N/A,"Pin Location: Phnom Penh, Cambodia",https://m.me/Narybeautyshop,https://www.google.com/maps/search/?api=1&query=Narybeautyshop%2C%20Phnom%20Penh%2C%20Cambodia,Phnom Penh,1,2026-08-06 05:26:06
397,Glutapinkbyemotion Beauty,TIKTOK,https://www.tiktok.com/@glutapinkbyemotion,N/A,"Pin Location: Phnom Penh, Cambodia",N/A,https://www.google.com/maps/search/?api=1&query=Glutapinkbyemotion%2C%20Phnom%20Penh%2C%20Cambodia,Phnom Penh,0,2026-08-06 05:26:06
398,Bungsoh6 Beauty,TIKTOK,https://www.tiktok.com/@bungsoh6,N/A,"Pin Location: Phnom Penh, Cambodia",N/A,https://www.google.com/maps/search/?api=1&query=Bungsoh6%2C%20Phnom%20Penh%2C%20Cambodia,Phnom Penh,0,2026-08-06 05:26:06
399,Lin_Brand_Cambodia Beauty,TIKTOK,https://www.tiktok.com/@lin_brand_cambodia,N/A,"Pin Location: Phnom Penh, Cambodia",N/A,https://www.google.com/maps/search/?api=1&query=Lin_Brand_Cambodia%2C%20Phnom%20Penh%2C%20Cambodia,Phnom Penh,0,2026-08-06 05:26:06
400,Lydaofbeautystore Beauty,FACEBOOK,https://www.facebook.com/LydaOfBeautyStore,N/A,"Pin Location: Phnom Penh, Cambodia",https://m.me/LydaOfBeautyStore,https://www.google.com/maps/search/?api=1&query=Lydaofbeautystore%2C%20Phnom%20Penh%2C%20Cambodia,Phnom Penh,1,2026-08-06 05:26:06
401,Aromastorekh Beauty,FACEBOOK,https://www.facebook.com/Aromastorekh,N/A,"Pin Location: Phnom Penh, Cambodia",https://m.me/Aromastorekh,https://www.google.com/maps/search/?api=1&query=Aromastorekh%2C%20Phnom%20Penh%2C%20Cambodia,Phnom Penh,1,2026-08-06 05:26:06
402,Nklipstickkh Beauty,FACEBOOK,https://www.facebook.com/NKLipstickkh,N/A,"Pin Location: Phnom Penh, Cambodia",https://m.me/NKLipstickkh,https://www.google.com/maps/search/?api=1&query=Nklipstickkh%2C%20Phnom%20Penh%2C%20Cambodia,Phnom Penh,1,2026-08-06 05:26:06
403,Romandcambodia Beauty,FACEBOOK,https://www.facebook.com/romandcambodia,N/A,"Pin Location: Phnom Penh, Cambodia",https://m.me/romandcambodia,https://www.google.com/maps/search/?api=1&query=Romandcambodia%2C%20Phnom%20Penh%2C%20Cambodia,Phnom Penh,1,2026-08-06 05:26:06
404,Theshieldadvancedtechnologyfilm Beauty,FACEBOOK,https://www.facebook.com/theshieldadvancedtechnologyfilm,N/A,"330, 314 Oknha Tep Phan St. (182), Phnom Penh 120406",N/A,https://www.google.com/maps/search/?api=1&query=Theshieldadvancedtechnologyfilm%2C%20Phnom%20Penh%2C%20Cambodia,Phnom Penh,1,2026-08-06 05:26:06
405,Laneigecambodi Beauty,FACEBOOK,https://www.facebook.com/LaneigeCambodi,N/A,"Pin Location: Phnom Penh, Cambodia",https://m.me/LaneigeCambodi,https://www.google.com/maps/search/?api=1&query=Laneigecambodi%2C%20Phnom%20Penh%2C%20Cambodia,Phnom Penh,1,2026-08-06 05:26:06
406,Laneige Korea Cambodia 100063716642172 Beauty,FACEBOOK,https://www.facebook.com/p/Laneige-Korea-Cambodia-100063716642172,063 716 6421,"Pin Location: Phnom Penh, Cambodia",N/A,https://www.google.com/maps/search/?api=1&query=Laneige%20Korea%20Cambodia%20100063716642172%2C%20Phnom%20Penh%2C%20Cambodia,Phnom Penh,1,2026-08-06 05:26:06
407,Theskinnature Beauty,FACEBOOK,https://www.facebook.com/theskinnature,N/A,"Pin Location: Phnom Penh, Cambodia",https://m.me/theskinnature,https://www.google.com/maps/search/?api=1&query=Theskinnature%2C%20Phnom%20Penh%2C%20Cambodia,Phnom Penh,1,2026-08-06 05:26:06
408,Luxomeshop Beauty,FACEBOOK,https://www.facebook.com/luxomeshop,N/A,"Pin Location: Phnom Penh, Cambodia",https://m.me/luxomeshop,https://www.google.com/maps/search/?api=1&query=Luxomeshop%2C%20Phnom%20Penh%2C%20Cambodia,Phnom Penh,1,2026-08-06 05:26:06
409,Intlshoppingphnompenh Beauty,FACEBOOK,https://www.facebook.com/IntlShoppingPhnomPenh,N/A,"Pin Location: Phnom Penh, Cambodia",https://m.me/IntlShoppingPhnomPenh,https://www.google.com/maps/search/?api=1&query=Intlshoppingphnompenh%2C%20Phnom%20Penh%2C%20Cambodia,Phnom Penh,1,2026-08-06 05:26:06
410,The Ordinary Cambodia Skincare,FACEBOOK,https://www.facebook.com/the.ordinary.cambodia.skincare,N/A,"Pin Location: Phnom Penh, Cambodia",https://m.me/the.ordinary.cambodia.skincare,https://www.google.com/maps/search/?api=1&query=The%20Ordinary%20Cambodia%20Skincare%2C%20Phnom%20Penh%2C%20Cambodia,Phnom Penh,1,2026-08-06 05:26:06
411,Theordinarybeautycambodia2 Beauty,FACEBOOK,https://www.facebook.com/theordinarybeautycambodia2,N/A,"Pin Location: Phnom Penh, Cambodia",https://m.me/theordinarybeautycambodia2,https://www.google.com/maps/search/?api=1&query=Theordinarybeautycambodia2%2C%20Phnom%20Penh%2C%20Cambodia,Phnom Penh,1,2026-08-06 05:26:06
412,Medical Care 132754320652247 Beauty,FACEBOOK,https://www.facebook.com/Medical-Care-132754320652247,N/A,"Pin Location: Phnom Penh, Cambodia",https://m.me/Medical-Care-132754320652247,https://www.google.com/maps/search/?api=1&query=Medical%20Care%20132754320652247%2C%20Phnom%20Penh%2C%20Cambodia,Phnom Penh,1,2026-08-06 05:26:06
413,Theordinarycambodia Beauty,FACEBOOK,https://www.facebook.com/theordinarycambodia,N/A,"Pin Location: Phnom Penh, Cambodia",https://m.me/theordinarycambodia,https://www.google.com/maps/search/?api=1&query=Theordinarycambodia%2C%20Phnom%20Penh%2C%20Cambodia,Phnom Penh,1,2026-08-06 05:26:06
414,The Ordinary Cambodia 100069816609995 Beauty,FACEBOOK,https://www.facebook.com/p/The-ordinary-Cambodia-100069816609995,069 816 6099,"Pin Location: Phnom Penh, Cambodia",N/A,https://www.google.com/maps/search/?api=1&query=The%20Ordinary%20Cambodia%20100069816609995%2C%20Phnom%20Penh%2C%20Cambodia,Phnom Penh,1,2026-08-06 05:26:06
415,Lengleepages Beauty,FACEBOOK,https://www.facebook.com/lengleepages,N/A,"92 Rukhak Vithei, Phnom Penh 120211",N/A,https://www.google.com/maps/search/?api=1&query=Lengleepages%2C%20Toul%20Kork%2C%20Phnom%20Penh%2C%20Cambodia,Toul Kork,1,2026-08-06 05:26:06
416,Theordinarybeautycosmetic Beauty,FACEBOOK,https://www.facebook.com/theordinarybeautycosmetic,N/A,"Pin Location: Phnom Penh, Cambodia",https://m.me/theordinarybeautycosmetic,https://www.google.com/maps/search/?api=1&query=Theordinarybeautycosmetic%2C%20Phnom%20Penh%2C%20Cambodia,Phnom Penh,1,2026-08-06 05:26:06
417,Theordinaryinkh Beauty,FACEBOOK,https://www.facebook.com/theordinaryinkh,N/A,"Pin Location: Phnom Penh, Cambodia",https://m.me/theordinaryinkh,https://www.google.com/maps/search/?api=1&query=Theordinaryinkh%2C%20Phnom%20Penh%2C%20Cambodia,Phnom Penh,1,2026-08-06 05:26:06
418,Theodinarycambodia Beauty,FACEBOOK,https://www.facebook.com/TheOdinaryCambodia,N/A,"Pin Location: Phnom Penh, Cambodia",https://m.me/TheOdinaryCambodia,https://www.google.com/maps/search/?api=1&query=Theodinarycambodia%2C%20Phnom%20Penh%2C%20Cambodia,Phnom Penh,1,2026-08-06 05:26:06
419,Theordinaryskincareoriginal168 Beauty,FACEBOOK,https://www.facebook.com/TheOrdinarySkinCareOriginal168,N/A,"Pin Location: Phnom Penh, Cambodia",https://m.me/TheOrdinarySkinCareOriginal168,https://www.google.com/maps/search/?api=1&query=Theordinaryskincareoriginal168%2C%20Phnom%20Penh%2C%20Cambodia,Phnom Penh,1,2026-08-06 05:26:06
420,Xia Nan6 Beauty,TIKTOK,https://www.tiktok.com/@xia.nan6,N/A,"Samdach Sothearos Blvd (3, Corner Oknha Suor Pheng St. (266), Phnom Penh 120207",N/A,https://www.google.com/maps/search/?api=1&query=Xia%20Nan6%2C%20Phnom%20Penh%2C%20Cambodia,Phnom Penh,1,2026-08-06 05:26:06
422,The_Peninsula_Phnompenh Beauty,TIKTOK,https://www.tiktok.com/@the_peninsula_phnompenh,N/A,"3G វិថី កែវចិន្តា, ភ្នំពេញ 121001",N/A,https://www.google.com/maps/search/?api=1&query=The_Peninsula_Phnompenh%2C%20Phnom%20Penh%2C%20Cambodia,Phnom Penh,1,2026-08-06 05:26:06
423,Vannthin168 Beauty,FACEBOOK,https://www.facebook.com/vannthin168,N/A,"Pin Location: Phnom Penh, Cambodia",https://m.me/vannthin168,https://www.google.com/maps/search/?api=1&query=Vannthin168%2C%20Phnom%20Penh%2C%20Cambodia,Phnom Penh,1,2026-08-06 05:26:06
424,Lovely Brand Phnom Penh  102376668477315 Beauty,FACEBOOK,https://www.facebook.com/Lovely-Brand-Phnom-Penh--102376668477315,023 766 6847,"Pin Location: Phnom Penh, Cambodia",N/A,https://www.google.com/maps/search/?api=1&query=Lovely%20Brand%20Phnom%20Penh%20%20102376668477315%2C%20Phnom%20Penh%2C%20Cambodia,Phnom Penh,1,2026-08-06 05:26:06
425,Biodermacambodia Beauty,FACEBOOK,https://www.facebook.com/BIODERMACambodia,N/A,"Pin Location: Phnom Penh, Cambodia",https://m.me/BIODERMACambodia,https://www.google.com/maps/search/?api=1&query=Biodermacambodia%2C%20Phnom%20Penh%2C%20Cambodia,Phnom Penh,1,2026-08-06 05:26:06
426,61556683612299 Beauty,FACEBOOK,https://www.facebook.com/61556683612299,N/A,"Pin Location: Phnom Penh, Cambodia",https://m.me/61556683612299,https://www.google.com/maps/search/?api=1&query=61556683612299%2C%20Phnom%20Penh%2C%20Cambodia,Phnom Penh,1,2026-08-06 05:26:06
427,Biodermaincambodia Authentic Beauty,FACEBOOK,https://www.facebook.com/biodermaincambodia.authentic,N/A,"Pin Location: Phnom Penh, Cambodia",https://m.me/biodermaincambodia.authentic,https://www.google.com/maps/search/?api=1&query=Biodermaincambodia%20Authentic%2C%20Phnom%20Penh%2C%20Cambodia,Phnom Penh,1,2026-08-06 05:26:06
428,100084999914208 Beauty,FACEBOOK,https://www.facebook.com/100084999914208,084 999 9142,"Pin Location: Phnom Penh, Cambodia",N/A,https://www.google.com/maps/search/?api=1&query=100084999914208%2C%20Phnom%20Penh%2C%20Cambodia,Phnom Penh,1,2026-08-06 05:26:06
429,Uppharmacy8 Beauty,FACEBOOK,https://www.facebook.com/uppharmacy8,N/A,"Pin Location: Phnom Penh, Cambodia",https://m.me/uppharmacy8,https://www.google.com/maps/search/?api=1&query=Uppharmacy8%2C%20Phnom%20Penh%2C%20Cambodia,Phnom Penh,1,2026-08-06 05:26:06
430,Kennyhao68 Beauty,TIKTOK,https://www.tiktok.com/@kennyhao68,N/A,"Pin Location: Phnom Penh, Cambodia",N/A,https://www.google.com/maps/search/?api=1&query=Kennyhao68%2C%20Phnom%20Penh%2C%20Cambodia,Phnom Penh,0,2026-08-06 05:26:06
431,Khmermediheal Beauty,FACEBOOK,https://www.facebook.com/khmermediheal,N/A,"Pin Location: Phnom Penh, Cambodia",https://m.me/khmermediheal,https://www.google.com/maps/search/?api=1&query=Khmermediheal%2C%20Phnom%20Penh%2C%20Cambodia,Phnom Penh,1,2026-08-06 05:26:06
432,Medihealcambodiaofficial Beauty,FACEBOOK,https://www.facebook.com/MedihealCambodiaOfficial,N/A,"Pin Location: Phnom Penh, Cambodia",https://m.me/MedihealCambodiaOfficial,https://www.google.com/maps/search/?api=1&query=Medihealcambodiaofficial%2C%20Phnom%20Penh%2C%20Cambodia,Phnom Penh,1,2026-08-06 05:26:06
433,Japancarecambodia Beauty,FACEBOOK,https://www.facebook.com/japancarecambodia,N/A,"Pin Location: Phnom Penh, Cambodia",https://m.me/japancarecambodia,https://www.google.com/maps/search/?api=1&query=Japancarecambodia%2C%20Phnom%20Penh%2C%20Cambodia,Phnom Penh,1,2026-08-06 05:26:06
434,Cdcmohcam Beauty,FACEBOOK,https://www.facebook.com/cdcmohcam,N/A,"Pin Location: Phnom Penh, Cambodia",https://m.me/cdcmohcam,https://www.google.com/maps/search/?api=1&query=Cdcmohcam%2C%20Phnom%20Penh%2C%20Cambodia,Phnom Penh,1,2026-08-06 05:26:06
435,Meanderellaofficial Beauty,FACEBOOK,https://www.facebook.com/meanderellaofficial,N/A,"Pin Location: Phnom Penh, Cambodia",https://m.me/meanderellaofficial,https://www.google.com/maps/search/?api=1&query=Meanderellaofficial%2C%20Phnom%20Penh%2C%20Cambodia,Phnom Penh,1,2026-08-06 05:26:06
436,Medihealandcosmetic Beauty,FACEBOOK,https://www.facebook.com/MedihealandCosmetic,N/A,"Aeon Mall, Phnom Penh",N/A,https://www.google.com/maps/search/?api=1&query=Medihealandcosmetic%2C%20Phnom%20Penh%2C%20Cambodia,Phnom Penh,1,2026-08-06 05:26:06
437,Hongcollection168 Beauty,FACEBOOK,https://www.facebook.com/HongCollection168,N/A,"Pin Location: Phnom Penh, Cambodia",https://m.me/HongCollection168,https://www.google.com/maps/search/?api=1&query=Hongcollection168%2C%20Phnom%20Penh%2C%20Cambodia,Phnom Penh,1,2026-08-06 05:26:06
438,Rongcosmetics Beauty,FACEBOOK,https://www.facebook.com/rongcosmetics,N/A,"Pin Location: Phnom Penh, Cambodia",https://m.me/rongcosmetics,https://www.google.com/maps/search/?api=1&query=Rongcosmetics%2C%20Phnom%20Penh%2C%20Cambodia,Phnom Penh,1,2026-08-06 05:26:06
439,Profaceshield Beauty,FACEBOOK,https://www.facebook.com/ProFaceShield,N/A,"Pin Location: Phnom Penh, Cambodia",https://m.me/ProFaceShield,https://www.google.com/maps/search/?api=1&query=Profaceshield%2C%20Phnom%20Penh%2C%20Cambodia,Phnom Penh,1,2026-08-06 05:26:06
440,Wholesalekoreabeauty Beauty,FACEBOOK,https://www.facebook.com/wholesalekoreabeauty,N/A,"Pin Location: Phnom Penh, Cambodia",https://t.me/wholesalekoreabeauty,https://www.google.com/maps/search/?api=1&query=Wholesalekoreabeauty%2C%20Phnom%20Penh%2C%20Cambodia,Phnom Penh,1,2026-08-06 05:26:06
441,Rathaonlineservice Beauty,FACEBOOK,https://www.facebook.com/rathaOnlineservice,N/A,"Pin Location: Phnom Penh, Cambodia",https://t.me/rathaOnlineservice,https://www.google.com/maps/search/?api=1&query=Rathaonlineservice%2C%20Phnom%20Penh%2C%20Cambodia,Phnom Penh,1,2026-08-06 05:26:06
445,100090004547540 Beauty,FACEBOOK,https://www.facebook.com/100090004547540,090 004 5475,"Pin Location: Phnom Penh, Cambodia",N/A,https://www.google.com/maps/search/?api=1&query=100090004547540%2C%20Phnom%20Penh%2C%20Cambodia,Phnom Penh,1,2026-08-06 05:26:06
446,Suna Sunscreen Beauty,FACEBOOK,https://www.facebook.com/Suna.sunscreen,N/A,"Pin Location: Phnom Penh, Cambodia",https://m.me/Suna.sunscreen,https://www.google.com/maps/search/?api=1&query=Suna%20Sunscreen%2C%20Phnom%20Penh%2C%20Cambodia,Phnom Penh,1,2026-08-06 05:26:06
447,Claireskinphnompenh1 Beauty,FACEBOOK,https://www.facebook.com/claireskinphnompenh1,N/A,"Pin Location: Phnom Penh, Cambodia",https://m.me/claireskinphnompenh1,https://www.google.com/maps/search/?api=1&query=Claireskinphnompenh1%2C%20Phnom%20Penh%2C%20Cambodia,Phnom Penh,1,2026-08-06 05:26:06
449,Lim Laiheng 2025 Beauty,FACEBOOK,https://www.facebook.com/lim.laiheng.2025,N/A,"79 មហាវិថី កម្ពុជាក្រោម (១២៨), ភ្នំពេញ 12251",N/A,https://www.google.com/maps/search/?api=1&query=Lim%20Laiheng%202025%2C%20Phnom%20Penh%2C%20Cambodia,Phnom Penh,1,2026-08-06 05:26:06
451,Sreymom Beauty16 Beauty,FACEBOOK,https://www.facebook.com/sreymom.beauty16,N/A,"Pin Location: Phnom Penh, Cambodia",https://m.me/sreymom.beauty16,https://www.google.com/maps/search/?api=1&query=Sreymom%20Beauty16%2C%20Phnom%20Penh%2C%20Cambodia,Phnom Penh,1,2026-08-06 05:26:06
452,Sreymom Onlineshop99 Beauty,FACEBOOK,https://www.facebook.com/sreymom.onlineshop99,N/A,"Pin Location: Phnom Penh, Cambodia",https://t.me/sreymom.onlineshop99,https://www.google.com/maps/search/?api=1&query=Sreymom%20Onlineshop99%2C%20Phnom%20Penh%2C%20Cambodia,Phnom Penh,1,2026-08-06 05:26:06
453,Sreymomonlineshop16 Beauty,FACEBOOK,https://www.facebook.com/sreymomonlineshop16,N/A,"Pin Location: Phnom Penh, Cambodia",https://t.me/sreymomonlineshop16,https://www.google.com/maps/search/?api=1&query=Sreymomonlineshop16%2C%20Phnom%20Penh%2C%20Cambodia,Phnom Penh,1,2026-08-06 05:26:06
455,Lyrith168 Beauty,FACEBOOK,https://www.facebook.com/LYRITH168,N/A,"Pin Location: Phnom Penh, Cambodia",https://m.me/LYRITH168,https://www.google.com/maps/search/?api=1&query=Lyrith168%2C%20Phnom%20Penh%2C%20Cambodia,Phnom Penh,1,2026-08-06 05:26:06
456,Chcharms Beauty,FACEBOOK,https://www.facebook.com/chcharms,N/A,"34, Street 360 BKK1",N/A,https://www.google.com/maps/search/?api=1&query=Chcharms%2C%20Phnom%20Penh%2C%20Cambodia,Phnom Penh,1,2026-08-06 05:26:06
458,Postkhmer Beauty,FACEBOOK,https://www.facebook.com/PostKhmer,N/A,"Pin Location: Phnom Penh, Cambodia",https://m.me/PostKhmer,https://www.google.com/maps/search/?api=1&query=Postkhmer%2C%20Phnom%20Penh%2C%20Cambodia,Phnom Penh,1,2026-08-06 05:26:06
459,410413952154199 Beauty,FACEBOOK,https://www.facebook.com/410413952154199,041 395 2154,"Pin Location: Phnom Penh, Cambodia",N/A,https://www.google.com/maps/search/?api=1&query=410413952154199%2C%20Phnom%20Penh%2C%20Cambodia,Phnom Penh,1,2026-08-06 05:26:06
461,Sn_Salon_ Beauty,TIKTOK,https://www.tiktok.com/@sn_salon_,N/A,"Borey Piphub Tmey Psar Chhoukmeas Phnom, Street B, Penh 120804",N/A,https://www.google.com/maps/search/?api=1&query=Sn_Salon_%2C%20Phnom%20Penh%2C%20Cambodia,Phnom Penh,1,2026-08-06 05:26:06
462,Bluestore_Official Beauty,TIKTOK,https://www.tiktok.com/@bluestore_official,N/A,"Pin Location: Phnom Penh, Cambodia",N/A,https://www.google.com/maps/search/?api=1&query=Bluestore_Official%2C%20Phnom%20Penh%2C%20Cambodia,Phnom Penh,0,2026-08-06 05:26:06
463,ជាងថ្នាំ ជាងពិដាន ភ្នំពេញ 61551060854978 Beauty,FACEBOOK,https://www.facebook.com/p/ជាងថ្នាំ-ជាងពិដាន-ភ្នំពេញ-61551060854978,060 854 978,"Pin Location: Phnom Penh, Cambodia",N/A,https://www.google.com/maps/search/?api=1&query=%E1%9E%87%E1%9E%B6%E1%9E%84%E1%9E%90%E1%9F%92%E1%9E%93%E1%9E%B6%E1%9F%86%20%E1%9E%87%E1%9E%B6%E1%9E%84%E1%9E%96%E1%9E%B7%E1%9E%8A%E1%9E%B6%E1%9E%93%20%E1%9E%97%E1%9F%92%E1%9E%93%E1%9F%86%E1%9E%96%E1%9F%81%E1%9E%89%2061551060854978%2C%20Phnom%20Penh%2C%20Cambodia,Phnom Penh,1,2026-08-06 05:26:06
465,61551060854978 Beauty,FACEBOOK,https://www.facebook.com/61551060854978,060 854 978,"Pin Location: Phnom Penh, Cambodia",N/A,https://www.google.com/maps/search/?api=1&query=61551060854978%2C%20Phnom%20Penh%2C%20Cambodia,Phnom Penh,1,2026-08-06 05:26:06
466,Phnompenhcc Beauty,FACEBOOK,https://www.facebook.com/phnompenhcc,N/A,"Pin Location: Phnom Penh, Cambodia",https://m.me/phnompenhcc,https://www.google.com/maps/search/?api=1&query=Phnompenhcc%2C%20Phnom%20Penh%2C%20Cambodia,Phnom Penh,1,2026-08-06 05:26:06
467,Phnompenh4U Beauty,FACEBOOK,https://www.facebook.com/phnompenh4U,N/A,"Pin Location: Phnom Penh, Cambodia",https://m.me/phnompenh4U,https://www.google.com/maps/search/?api=1&query=Phnompenh4U%2C%20Phnom%20Penh%2C%20Cambodia,Phnom Penh,1,2026-08-06 05:26:06
468,Phnom189 Beauty,FACEBOOK,https://www.facebook.com/Phnom189,N/A,"Pin Location: Phnom Penh, Cambodia",https://m.me/Phnom189,https://www.google.com/maps/search/?api=1&query=Phnom189%2C%20Phnom%20Penh%2C%20Cambodia,Phnom Penh,1,2026-08-06 05:26:06
469,Ounvy4444 Beauty,FACEBOOK,https://www.facebook.com/Ounvy4444,N/A,"Pin Location: Phnom Penh, Cambodia",https://m.me/Ounvy4444,https://www.google.com/maps/search/?api=1&query=Ounvy4444%2C%20Phnom%20Penh%2C%20Cambodia,Phnom Penh,1,2026-08-06 05:26:06
470,Voluntaryorganizationforchildrenandsociety Beauty,FACEBOOK,https://www.facebook.com/VoluntaryOrganizationforChildrenandSociety,N/A,"Pin Location: Phnom Penh, Cambodia",https://m.me/VoluntaryOrganizationforChildrenandSociety,https://www.google.com/maps/search/?api=1&query=Voluntaryorganizationforchildrenandsociety%2C%20Phnom%20Penh%2C%20Cambodia,Phnom Penh,1,2026-08-06 05:26:06
471,Phnompenhplc Beauty,FACEBOOK,https://www.facebook.com/PHNOMPENHPLC,N/A,"Pin Location: Phnom Penh, Cambodia",https://m.me/PHNOMPENHPLC,https://www.google.com/maps/search/?api=1&query=Phnompenhplc%2C%20Phnom%20Penh%2C%20Cambodia,Phnom Penh,1,2026-08-06 05:26:06
472,Thebodyshopcambodia Beauty,FACEBOOK,https://www.facebook.com/TheBodyShopCambodia,N/A,"Pin Location: Phnom Penh, Cambodia",https://m.me/TheBodyShopCambodia,https://www.google.com/maps/search/?api=1&query=Thebodyshopcambodia%2C%20Phnom%20Penh%2C%20Cambodia,Phnom Penh,1,2026-08-06 05:26:06
473,Emmswpp Beauty,FACEBOOK,https://www.facebook.com/emmswpp,N/A,"Pin Location: Phnom Penh, Cambodia",https://m.me/emmswpp,https://www.google.com/maps/search/?api=1&query=Emmswpp%2C%20Phnom%20Penh%2C%20Cambodia,Phnom Penh,1,2026-08-06 05:26:06
474,Aeonmallphnompenh Beauty,FACEBOOK,https://www.facebook.com/aeonmallphnompenh,N/A,"132 មហាវិថី សម្ដេចសុធារស (៣), ភ្នំពេញ",N/A,https://www.google.com/maps/search/?api=1&query=Aeonmallphnompenh%2C%20Phnom%20Penh%2C%20Cambodia,Phnom Penh,1,2026-08-06 05:26:06
476,Leapmongkulweddingplace Beauty,FACEBOOK,https://www.facebook.com/leapmongkulweddingplace,N/A,"HV77+VM7, ភ្នំពេញ",N/A,https://www.google.com/maps/search/?api=1&query=Leapmongkulweddingplace%2C%20Phnom%20Penh%2C%20Cambodia,Phnom Penh,1,2026-08-06 05:26:06
477,Ryry445568 Beauty,FACEBOOK,https://www.facebook.com/Ryry445568,N/A,"Pin Location: Phnom Penh, Cambodia",https://m.me/Ryry445568,https://www.google.com/maps/search/?api=1&query=Ryry445568%2C%20Phnom%20Penh%2C%20Cambodia,Phnom Penh,1,2026-08-06 05:26:06
478,61566521042615 Beauty,FACEBOOK,https://www.facebook.com/61566521042615,N/A,"Pin Location: Phnom Penh, Cambodia",https://m.me/61566521042615,https://www.google.com/maps/search/?api=1&query=61566521042615%2C%20Phnom%20Penh%2C%20Cambodia,Phnom Penh,1,2026-08-06 05:26:06
479,Ph ហ្វូមលាងមុខ 100070504776074 Beauty,FACEBOOK,https://www.facebook.com/p/PH-ហ្វូមលាងមុខ-100070504776074,070 504 7760,"Pin Location: Phnom Penh, Cambodia",N/A,https://www.google.com/maps/search/?api=1&query=Ph%20%E1%9E%A0%E1%9F%92%E1%9E%9C%E1%9E%BC%E1%9E%98%E1%9E%9B%E1%9E%B6%E1%9E%84%E1%9E%98%E1%9E%BB%E1%9E%81%20100070504776074%2C%20Phnom%20Penh%2C%20Cambodia,Phnom Penh,1,2026-08-06 05:26:06
480,100083395106543 Beauty,FACEBOOK,https://www.facebook.com/100083395106543,083 395 1065,"Pin Location: Phnom Penh, Cambodia",N/A,https://www.google.com/maps/search/?api=1&query=100083395106543%2C%20Phnom%20Penh%2C%20Cambodia,Phnom Penh,1,2026-08-06 05:26:06
481,Phnompenhcitybus Gov Kh Beauty,FACEBOOK,https://www.facebook.com/phnompenhcitybus.gov.kh,N/A,"Pin Location: Phnom Penh, Cambodia",https://m.me/phnompenhcitybus.gov.kh,https://www.google.com/maps/search/?api=1&query=Phnompenhcitybus%20Gov%20Kh%2C%20Phnom%20Penh%2C%20Cambodia,Phnom Penh,1,2026-08-06 05:26:06
482,Fishingcambodi Beauty,FACEBOOK,https://www.facebook.com/fishingcambodi,N/A,"Pin Location: Phnom Penh, Cambodia",https://m.me/fishingcambodi,https://www.google.com/maps/search/?api=1&query=Fishingcambodi%2C%20Phnom%20Penh%2C%20Cambodia,Phnom Penh,1,2026-08-06 05:26:06
483,Hdskincarecambodia Kh Beauty,FACEBOOK,https://www.facebook.com/HDSkincareCambodia.KH,N/A,"Pin Location: Phnom Penh, Cambodia",https://m.me/HDSkincareCambodia.KH,https://www.google.com/maps/search/?api=1&query=Hdskincarecambodia%20Kh%2C%20Phnom%20Penh%2C%20Cambodia,Phnom Penh,1,2026-08-06 05:26:06
484,Phnompenhheartstore2 Beauty,FACEBOOK,https://www.facebook.com/phnompenhheartstore2,N/A,"Pin Location: Phnom Penh, Cambodia",https://m.me/phnompenhheartstore2,https://www.google.com/maps/search/?api=1&query=Phnompenhheartstore2%2C%20Phnom%20Penh%2C%20Cambodia,Phnom Penh,1,2026-08-06 05:26:06
485,Wania Thailand Beauty,FACEBOOK,https://www.facebook.com/wania.thailand,N/A,"House 16A Street 15, Phnom Penh",N/A,https://www.google.com/maps/search/?api=1&query=Wania%20Thailand%2C%20Phnom%20Penh%2C%20Cambodia,Phnom Penh,1,2026-08-06 05:26:06
486,Tlnaturalstore Beauty,FACEBOOK,https://www.facebook.com/tlnaturalstore,N/A,"159 ផ្លូវលេខ 105k, ភ្នំពេញ 120912",N/A,https://www.google.com/maps/search/?api=1&query=Tlnaturalstore%2C%20Phnom%20Penh%2C%20Cambodia,Phnom Penh,1,2026-08-06 05:26:06
487,Byjnieeeee Beauty,FACEBOOK,https://www.facebook.com/byjnieeeee,N/A,"Pin Location: Phnom Penh, Cambodia",https://m.me/byjnieeeee,https://www.google.com/maps/search/?api=1&query=Byjnieeeee%2C%20Phnom%20Penh%2C%20Cambodia,Phnom Penh,1,2026-08-06 05:26:06
488,9999Princess Beauty,FACEBOOK,https://www.facebook.com/9999princess,N/A,"Pin Location: Phnom Penh, Cambodia",https://m.me/9999princess,https://www.google.com/maps/search/?api=1&query=9999Princess%2C%20Phnom%20Penh%2C%20Cambodia,Phnom Penh,1,2026-08-06 05:26:06
489,Hl2025 Beauty,FACEBOOK,https://www.facebook.com/hl2025,N/A,"Pin Location: Phnom Penh, Cambodia",https://m.me/hl2025,https://www.google.com/maps/search/?api=1&query=Hl2025%2C%20Phnom%20Penh%2C%20Cambodia,Phnom Penh,1,2026-08-06 05:26:06
490,Onetoday Vn Beauty,FACEBOOK,https://www.facebook.com/onetoday.vn,N/A,"Pin Location: Phnom Penh, Cambodia",https://m.me/onetoday.vn,https://www.google.com/maps/search/?api=1&query=Onetoday%20Vn%2C%20Phnom%20Penh%2C%20Cambodia,Phnom Penh,1,2026-08-06 05:26:06
491,Damicosmetics Cpc Beauty,FACEBOOK,https://www.facebook.com/damicosmetics.cpc,N/A,"Pin Location: Phnom Penh, Cambodia",https://m.me/damicosmetics.cpc,https://www.google.com/maps/search/?api=1&query=Damicosmetics%20Cpc%2C%20Phnom%20Penh%2C%20Cambodia,Phnom Penh,1,2026-08-06 05:26:06
492,គ្រឿងសំអាង Nnp 100070097960593 Beauty,FACEBOOK,https://www.facebook.com/p/គ្រឿងសំអាង-NNP-100070097960593,070 097 9605,"Pin Location: Phnom Penh, Cambodia",N/A,https://www.google.com/maps/search/?api=1&query=%E1%9E%82%E1%9F%92%E1%9E%9A%E1%9E%BF%E1%9E%84%E1%9E%9F%E1%9F%86%E1%9E%A2%E1%9E%B6%E1%9E%84%20Nnp%20100070097960593%2C%20Phnom%20Penh%2C%20Cambodia,Phnom Penh,1,2026-08-06 05:26:06
493,Vmartcosmetics Beauty,FACEBOOK,https://www.facebook.com/VmartCosmetics,N/A,"Pin Location: Phnom Penh, Cambodia",https://m.me/VmartCosmetics,https://www.google.com/maps/search/?api=1&query=Vmartcosmetics%2C%20Phnom%20Penh%2C%20Cambodia,Phnom Penh,1,2026-08-06 05:26:06
494,100070097960593 Beauty,FACEBOOK,https://www.facebook.com/100070097960593,070 097 9605,"Pin Location: Phnom Penh, Cambodia",N/A,https://www.google.com/maps/search/?api=1&query=100070097960593%2C%20Phnom%20Penh%2C%20Cambodia,Phnom Penh,1,2026-08-06 05:26:06
495,61564788283092 Beauty,FACEBOOK,https://www.facebook.com/61564788283092,N/A,"Pin Location: Phnom Penh, Cambodia",https://m.me/61564788283092,https://www.google.com/maps/search/?api=1&query=61564788283092%2C%20Phnom%20Penh%2C%20Cambodia,Phnom Penh,1,2026-08-06 05:26:06
496,Beeklassybeautyspabkk1 Beauty,FACEBOOK,https://www.facebook.com/BeeKlassyBeautySpaBKK1,N/A,"Pin Location: BKK1, Phnom Penh, Cambodia",https://m.me/BeeKlassyBeautySpaBKK1,https://www.google.com/maps/search/?api=1&query=Beeklassybeautyspabkk1%2C%20BKK1%2C%20Phnom%20Penh%2C%20Cambodia,BKK1,1,2026-08-06 05:26:06
497,Hair Care Shop 1484432618294384 Beauty,FACEBOOK,https://www.facebook.com/Hair-care-shop-1484432618294384,N/A,"Pin Location: Phnom Penh, Cambodia",https://m.me/Hair-care-shop-1484432618294384,https://www.google.com/maps/search/?api=1&query=Hair%20Care%20Shop%201484432618294384%2C%20Phnom%20Penh%2C%20Cambodia,Phnom Penh,1,2026-08-06 05:26:06
498,Dermamkskincentercambodia Beauty,FACEBOOK,https://www.facebook.com/DermaMKskinCenterCambodia,N/A,"Pin Location: Phnom Penh, Cambodia",https://m.me/DermaMKskinCenterCambodia,https://www.google.com/maps/search/?api=1&query=Dermamkskincentercambodia%2C%20Phnom%20Penh%2C%20Cambodia,Phnom Penh,1,2026-08-06 05:26:06
499,Homesalon18 Beauty,FACEBOOK,https://www.facebook.com/HomeSalon18,N/A,"Pin Location: Phnom Penh, Cambodia",https://m.me/HomeSalon18,https://www.google.com/maps/search/?api=1&query=Homesalon18%2C%20Phnom%20Penh%2C%20Cambodia,Phnom Penh,1,2026-08-06 05:26:06
500,Taihairsalon 1403689629889847 Beauty,FACEBOOK,https://www.facebook.com/Taihairsalon-1403689629889847,036 896 2988,"Pin Location: Phnom Penh, Cambodia",N/A,https://www.google.com/maps/search/?api=1&query=Taihairsalon%201403689629889847%2C%20Phnom%20Penh%2C%20Cambodia,Phnom Penh,1,2026-08-06 05:26:06
501,Janggumhee Beauty,FACEBOOK,https://www.facebook.com/Janggumhee,N/A,"Pin Location: Phnom Penh, Cambodia",https://m.me/Janggumhee,https://www.google.com/maps/search/?api=1&query=Janggumhee%2C%20Phnom%20Penh%2C%20Cambodia,Phnom Penh,1,2026-08-06 05:26:06
502,Melco Hairdesign Global Beauty,FACEBOOK,https://www.facebook.com/melco.hairdesign.global,N/A,"Pin Location: BKK1, Phnom Penh, Cambodia",https://m.me/melco.hairdesign.global,https://www.google.com/maps/search/?api=1&query=Melco%20Hairdesign%20Global%2C%20BKK1%2C%20Phnom%20Penh%2C%20Cambodia,BKK1,1,2026-08-06 05:26:06
503,Izumibeautysalon Beauty,FACEBOOK,https://www.facebook.com/izumibeautysalon,N/A,"Pin Location: BKK1, Phnom Penh, Cambodia",https://m.me/izumibeautysalon,https://www.google.com/maps/search/?api=1&query=Izumibeautysalon%2C%20BKK1%2C%20Phnom%20Penh%2C%20Cambodia,BKK1,1,2026-08-06 05:26:06
504,Sgbonline Beauty,TIKTOK,https://www.tiktok.com/@sgbonline,N/A,"Pin Location: Phnom Penh, Cambodia",https://t.me/@sgbonline,https://www.google.com/maps/search/?api=1&query=Sgbonline%2C%20Phnom%20Penh%2C%20Cambodia,Phnom Penh,1,2026-08-06 05:26:06
505,Chochocho68 Beauty,TIKTOK,https://www.tiktok.com/@chochocho68,N/A,"Pin Location: Phnom Penh, Cambodia",N/A,https://www.google.com/maps/search/?api=1&query=Chochocho68%2C%20Phnom%20Penh%2C%20Cambodia,Phnom Penh,0,2026-08-06 05:26:06
506,Mybeautystationtiktok Beauty,TIKTOK,https://www.tiktok.com/@mybeautystationtiktok,N/A,"Pin Location: Phnom Penh, Cambodia",N/A,https://www.google.com/maps/search/?api=1&query=Mybeautystationtiktok%2C%20Phnom%20Penh%2C%20Cambodia,Phnom Penh,0,2026-08-06 05:26:06
507,Brandcollectiontoulkork Beauty,FACEBOOK,https://www.facebook.com/BrandCollectionToulKork,N/A,"Pin Location: Phnom Penh, Cambodia",https://m.me/BrandCollectionToulKork,https://www.google.com/maps/search/?api=1&query=Brandcollectiontoulkork%2C%20Phnom%20Penh%2C%20Cambodia,Phnom Penh,1,2026-08-06 05:26:06
508,Japanesesupplement Beauty,FACEBOOK,https://www.facebook.com/JapaneseSupplement,N/A,"Pin Location: Phnom Penh, Cambodia",https://m.me/JapaneseSupplement,https://www.google.com/maps/search/?api=1&query=Japanesesupplement%2C%20Phnom%20Penh%2C%20Cambodia,Phnom Penh,1,2026-08-06 05:26:06
509,Tl Natural By Maneka 101040091399167 Beauty,FACEBOOK,https://www.facebook.com/TL-Natural-by-Maneka-101040091399167,010 400 9139,"159 ផ្លូវលេខ 105k, ភ្នំពេញ 120912",N/A,https://www.google.com/maps/search/?api=1&query=Tl%20Natural%20By%20Maneka%20101040091399167%2C%20Phnom%20Penh%2C%20Cambodia,Phnom Penh,1,2026-08-06 05:26:06
510,Brownroasterytk Beauty,FACEBOOK,https://www.facebook.com/BrownRoasteryTK,N/A,"Pin Location: Phnom Penh, Cambodia",https://m.me/BrownRoasteryTK,https://www.google.com/maps/search/?api=1&query=Brownroasterytk%2C%20Phnom%20Penh%2C%20Cambodia,Phnom Penh,1,2026-08-06 05:26:06
511,Skinsstation Beauty,FACEBOOK,https://www.facebook.com/SkinsStation,N/A,"Pin Location: Phnom Penh, Cambodia",https://m.me/SkinsStation,https://www.google.com/maps/search/?api=1&query=Skinsstation%2C%20Phnom%20Penh%2C%20Cambodia,Phnom Penh,1,2026-08-06 05:26:06
512,Healthyskin Keo Beauty,FACEBOOK,https://www.facebook.com/HealthySkin.Keo,N/A,"Pin Location: Toul Kork, Phnom Penh, Cambodia",https://m.me/HealthySkin.Keo,https://www.google.com/maps/search/?api=1&query=Healthyskin%20Keo%2C%20Toul%20Kork%2C%20Phnom%20Penh%2C%20Cambodia,Toul Kork,1,2026-08-06 05:26:06
513,100060130490328 Beauty,FACEBOOK,https://www.facebook.com/100060130490328,060 130 4903,"Pin Location: Toul Kork, Phnom Penh, Cambodia",N/A,https://www.google.com/maps/search/?api=1&query=100060130490328%2C%20Toul%20Kork%2C%20Phnom%20Penh%2C%20Cambodia,Toul Kork,1,2026-08-06 05:26:06
514,Skincareandcalm Beauty,FACEBOOK,https://www.facebook.com/Skincareandcalm,N/A,"Pin Location: Phnom Penh, Cambodia",https://m.me/Skincareandcalm,https://www.google.com/maps/search/?api=1&query=Skincareandcalm%2C%20Phnom%20Penh%2C%20Cambodia,Phnom Penh,1,2026-08-06 05:26:06
515,100077289783208 Beauty,FACEBOOK,https://www.facebook.com/100077289783208,077 289 7832,"Pin Location: Toul Kork, Phnom Penh, Cambodia",N/A,https://www.google.com/maps/search/?api=1&query=100077289783208%2C%20Toul%20Kork%2C%20Phnom%20Penh%2C%20Cambodia,Toul Kork,1,2026-08-06 05:26:06
516,Reddyskin Beauty,FACEBOOK,https://www.facebook.com/reddyskin,N/A,"Pin Location: Phnom Penh, Cambodia",https://m.me/reddyskin,https://www.google.com/maps/search/?api=1&query=Reddyskin%2C%20Phnom%20Penh%2C%20Cambodia,Phnom Penh,1,2026-08-06 05:26:06
517,Thenailbarphnompenh Beauty,TIKTOK,https://www.tiktok.com/@thenailbarphnompenh,N/A,"Pin Location: Phnom Penh, Cambodia",N/A,https://www.google.com/maps/search/?api=1&query=Thenailbarphnompenh%2C%20Phnom%20Penh%2C%20Cambodia,Phnom Penh,0,2026-08-06 05:26:06
518,Blooming Dress2 Beauty,TIKTOK,https://www.tiktok.com/@blooming.dress2,N/A,"Pin Location: Toul Kork, Phnom Penh, Cambodia",N/A,https://www.google.com/maps/search/?api=1&query=Blooming%20Dress2%2C%20Toul%20Kork%2C%20Phnom%20Penh%2C%20Cambodia,Toul Kork,0,2026-08-06 05:26:06
519,Notecosmeticskh Beauty,FACEBOOK,https://www.facebook.com/NOTEcosmeticsKH,N/A,"132 មហាវិថី សម្ដេចសុធារស (៣), ភ្នំពេញ",N/A,https://www.google.com/maps/search/?api=1&query=Notecosmeticskh%2C%20Phnom%20Penh%2C%20Cambodia,Phnom Penh,1,2026-08-06 05:26:06
520,Chipmongsensokoutlet Beauty,FACEBOOK,https://www.facebook.com/chipmongsensokoutlet,N/A,"Pin Location: Sensok, Phnom Penh, Cambodia",https://m.me/chipmongsensokoutlet,https://www.google.com/maps/search/?api=1&query=Chipmongsensokoutlet%2C%20Sensok%2C%20Phnom%20Penh%2C%20Cambodia,Sensok,1,2026-08-06 05:26:06
521,Lushskin Cc Beauty,FACEBOOK,https://www.facebook.com/lushskin.cc,N/A,"Pin Location: Sensok, Phnom Penh, Cambodia",https://m.me/lushskin.cc,https://www.google.com/maps/search/?api=1&query=Lushskin%20Cc%2C%20Sensok%2C%20Phnom%20Penh%2C%20Cambodia,Sensok,1,2026-08-06 05:26:06
522,Cogifactorysensok Beauty,FACEBOOK,https://www.facebook.com/cogifactorysensok,N/A,"Pin Location: Sensok, Phnom Penh, Cambodia",https://m.me/cogifactorysensok,https://www.google.com/maps/search/?api=1&query=Cogifactorysensok%2C%20Sensok%2C%20Phnom%20Penh%2C%20Cambodia,Sensok,1,2026-08-06 05:26:06
523,Prsengineeringcoltd Beauty,FACEBOOK,https://www.facebook.com/PRSengineeringCoLtd,N/A,"Pin Location: Sensok, Phnom Penh, Cambodia",https://m.me/PRSengineeringCoLtd,https://www.google.com/maps/search/?api=1&query=Prsengineeringcoltd%2C%20Sensok%2C%20Phnom%20Penh%2C%20Cambodia,Sensok,1,2026-08-06 05:26:06
524,Alinadaniya Beauty,FACEBOOK,https://www.facebook.com/Alinadaniya,N/A,"Pin Location: Sensok, Phnom Penh, Cambodia",https://m.me/Alinadaniya,https://www.google.com/maps/search/?api=1&query=Alinadaniya%2C%20Sensok%2C%20Phnom%20Penh%2C%20Cambodia,Sensok,1,2026-08-06 05:26:06
525,Whiteskinhousesensok Beauty,FACEBOOK,https://www.facebook.com/whiteskinhousesensok,N/A,"Pin Location: Sensok, Phnom Penh, Cambodia",https://m.me/whiteskinhousesensok,https://www.google.com/maps/search/?api=1&query=Whiteskinhousesensok%2C%20Sensok%2C%20Phnom%20Penh%2C%20Cambodia,Sensok,1,2026-08-06 05:26:06
526,Champagnebeautyspacambodia Beauty,FACEBOOK,https://www.facebook.com/champagnebeautyspacambodia,N/A,"Pin Location: Phnom Penh, Cambodia",https://m.me/champagnebeautyspacambodia,https://www.google.com/maps/search/?api=1&query=Champagnebeautyspacambodia%2C%20Phnom%20Penh%2C%20Cambodia,Phnom Penh,1,2026-08-06 05:26:06
527,Measratanakbeauty Beauty,FACEBOOK,https://www.facebook.com/MEASRATANAKBEAUTY,N/A,"HVXP+RH, ភ្នំពេញ",N/A,https://www.google.com/maps/search/?api=1&query=Measratanakbeauty%2C%20Phnom%20Penh%2C%20Cambodia,Phnom Penh,1,2026-08-06 05:26:06
528,Annacosmetic Pp Beauty,FACEBOOK,https://www.facebook.com/annacosmetic.pp,N/A,"Pin Location: Phnom Penh, Cambodia",https://m.me/annacosmetic.pp,https://www.google.com/maps/search/?api=1&query=Annacosmetic%20Pp%2C%20Phnom%20Penh%2C%20Cambodia,Phnom Penh,1,2026-08-06 05:26:06
529,Clarissacambodia Kh Beauty,FACEBOOK,https://www.facebook.com/ClarissaCambodia.kh,N/A,"Pin Location: Phnom Penh, Cambodia",https://m.me/ClarissaCambodia.kh,https://www.google.com/maps/search/?api=1&query=Clarissacambodia%20Kh%2C%20Phnom%20Penh%2C%20Cambodia,Phnom Penh,1,2026-08-06 05:26:06
530,Rachhit010 Beauty,FACEBOOK,https://www.facebook.com/rachhit010,N/A,"Pin Location: Phnom Penh, Cambodia",https://m.me/rachhit010,https://www.google.com/maps/search/?api=1&query=Rachhit010%2C%20Phnom%20Penh%2C%20Cambodia,Phnom Penh,1,2026-08-06 05:26:06
531,Keo_Sreynitstore Beauty,TIKTOK,https://www.tiktok.com/@keo_sreynitstore,N/A,"Pin Location: Phnom Penh, Cambodia",N/A,https://www.google.com/maps/search/?api=1&query=Keo_Sreynitstore%2C%20Phnom%20Penh%2C%20Cambodia,Phnom Penh,0,2026-08-06 05:26:06
532,Skindessertcambodia Beauty,TIKTOK,https://www.tiktok.com/@skindessertcambodia,N/A,"Pin Location: Phnom Penh, Cambodia",N/A,https://www.google.com/maps/search/?api=1&query=Skindessertcambodia%2C%20Phnom%20Penh%2C%20Cambodia,Phnom Penh,0,2026-08-06 05:26:06
533,Kosmicbeauty Official Beauty,TIKTOK,https://www.tiktok.com/@kosmicbeauty.official,N/A,"Pin Location: Phnom Penh, Cambodia",N/A,https://www.google.com/maps/search/?api=1&query=Kosmicbeauty%20Official%2C%20Phnom%20Penh%2C%20Cambodia,Phnom Penh,0,2026-08-06 05:26:06
534,Salonbyfriendsinternational Beauty,FACEBOOK,https://www.facebook.com/salonbyfriendsinternational,N/A,"វិថី ព្រះអង្គអេង (១៣), ភ្នំពេញ",N/A,https://www.google.com/maps/search/?api=1&query=Salonbyfriendsinternational%2C%20Phnom%20Penh%2C%20Cambodia,Phnom Penh,1,2026-08-06 05:26:06
535,Beautycorner Cambodia1 Beauty,FACEBOOK,https://www.facebook.com/BeautyCorner.Cambodia1,N/A,"Pin Location: Phnom Penh, Cambodia",https://m.me/BeautyCorner.Cambodia1,https://www.google.com/maps/search/?api=1&query=Beautycorner%20Cambodia1%2C%20Phnom%20Penh%2C%20Cambodia,Phnom Penh,1,2026-08-06 05:26:06
536,Beauty Corner 100054296240924 Beauty,FACEBOOK,https://www.facebook.com/p/Beauty-Corner-100054296240924,054 296 2409,"Pin Location: Phnom Penh, Cambodia",N/A,https://www.google.com/maps/search/?api=1&query=Beauty%20Corner%20100054296240924%2C%20Phnom%20Penh%2C%20Cambodia,Phnom Penh,1,2026-08-06 05:26:06
537,Lenhsweetie Beauty,FACEBOOK,https://www.facebook.com/lenhsweetie,N/A,"Pin Location: Phnom Penh, Cambodia",https://m.me/lenhsweetie,https://www.google.com/maps/search/?api=1&query=Lenhsweetie%2C%20Phnom%20Penh%2C%20Cambodia,Phnom Penh,1,2026-08-06 05:26:06
538,Thebeautycorner168 Beauty,FACEBOOK,https://www.facebook.com/thebeautycorner168,N/A,"Pin Location: Phnom Penh, Cambodia",https://m.me/thebeautycorner168,https://www.google.com/maps/search/?api=1&query=Thebeautycorner168%2C%20Phnom%20Penh%2C%20Cambodia,Phnom Penh,1,2026-08-06 05:26:06
539,Beautycornerbymorea Beauty,FACEBOOK,https://www.facebook.com/BeautyCornerByMorea,N/A,"Pin Location: Phnom Penh, Cambodia",https://m.me/BeautyCornerByMorea,https://www.google.com/maps/search/?api=1&query=Beautycornerbymorea%2C%20Phnom%20Penh%2C%20Cambodia,Phnom Penh,1,2026-08-06 05:26:06
540,Beautycorner2726 Beauty,FACEBOOK,https://www.facebook.com/Beautycorner2726,N/A,"Pin Location: Phnom Penh, Cambodia",https://m.me/Beautycorner2726,https://www.google.com/maps/search/?api=1&query=Beautycorner2726%2C%20Phnom%20Penh%2C%20Cambodia,Phnom Penh,1,2026-08-06 05:26:06
541,Beauty Corner 465812817206546 Beauty,FACEBOOK,https://www.facebook.com/Beauty-Corner-465812817206546,N/A,"វិថី ព្រះអង្គអេង (១៣), ភ្នំពេញ",N/A,https://www.google.com/maps/search/?api=1&query=Beauty%20Corner%20465812817206546%2C%20Phnom%20Penh%2C%20Cambodia,Phnom Penh,1,2026-08-06 05:26:06
542,Beautycorner Kh Beauty,FACEBOOK,https://www.facebook.com/BeautyCorner.kh,N/A,"Pin Location: Phnom Penh, Cambodia",https://m.me/BeautyCorner.kh,https://www.google.com/maps/search/?api=1&query=Beautycorner%20Kh%2C%20Phnom%20Penh%2C%20Cambodia,Phnom Penh,1,2026-08-06 05:26:06
543,Thebeauty0189 Beauty,FACEBOOK,https://www.facebook.com/TheBeauty0189,N/A,"Pin Location: Phnom Penh, Cambodia",https://m.me/TheBeauty0189,https://www.google.com/maps/search/?api=1&query=Thebeauty0189%2C%20Phnom%20Penh%2C%20Cambodia,Phnom Penh,1,2026-08-06 05:26:06
544,Phybeautysalon Beauty,FACEBOOK,https://www.facebook.com/phybeautysalon,N/A,"Pin Location: Phnom Penh, Cambodia",https://m.me/phybeautysalon,https://www.google.com/maps/search/?api=1&query=Phybeautysalon%2C%20Phnom%20Penh%2C%20Cambodia,Phnom Penh,1,2026-08-06 05:26:06
545,Narakmakeupartist Beauty,FACEBOOK,https://www.facebook.com/narakmakeupartist,N/A,"Pin Location: Phnom Penh, Cambodia",https://m.me/narakmakeupartist,https://www.google.com/maps/search/?api=1&query=Narakmakeupartist%2C%20Phnom%20Penh%2C%20Cambodia,Phnom Penh,1,2026-08-06 05:26:06
546,Willemspectreetiquette Beauty,TIKTOK,https://www.tiktok.com/@willemspectreetiquette,N/A,"Norodom Blvd, 41, ភ្នំពេញ",N/A,https://www.google.com/maps/search/?api=1&query=Willemspectreetiquette%2C%20Phnom%20Penh%2C%20Cambodia,Phnom Penh,1,2026-08-06 05:26:06
547,Foloo89 Beauty,TIKTOK,https://www.tiktok.com/@foloo89,N/A,"Pin Location: Phnom Penh, Cambodia",N/A,https://www.google.com/maps/search/?api=1&query=Foloo89%2C%20Phnom%20Penh%2C%20Cambodia,Phnom Penh,0,2026-08-06 05:26:06
548,Tulipsalonnnailspa Beauty,FACEBOOK,https://www.facebook.com/tulipsalonnnailspa,N/A,"Pin Location: Phnom Penh, Cambodia",https://m.me/tulipsalonnnailspa,https://www.google.com/maps/search/?api=1&query=Tulipsalonnnailspa%2C%20Phnom%20Penh%2C%20Cambodia,Phnom Penh,1,2026-08-06 05:26:06
549,Denalinails Beauty,FACEBOOK,https://www.facebook.com/DenaliNails,N/A,"Pin Location: Phnom Penh, Cambodia",https://m.me/DenaliNails,https://www.google.com/maps/search/?api=1&query=Denalinails%2C%20Phnom%20Penh%2C%20Cambodia,Phnom Penh,1,2026-08-06 05:26:06
550,89Nailspa Beauty,FACEBOOK,https://www.facebook.com/89NailSpa,N/A,"L16, 03J&C, Phumi Krang Angkrong, Phnom Penh 12000",N/A,https://www.google.com/maps/search/?api=1&query=89Nailspa%2C%20Phnom%20Penh%2C%20Cambodia,Phnom Penh,1,2026-08-06 05:26:06
551,Thenailchefbycheata Beauty,FACEBOOK,https://www.facebook.com/thenailchefbycheata,N/A,"Pin Location: Phnom Penh, Cambodia",https://m.me/thenailchefbycheata,https://www.google.com/maps/search/?api=1&query=Thenailchefbycheata%2C%20Phnom%20Penh%2C%20Cambodia,Phnom Penh,1,2026-08-06 05:26:06
552,Tipstoesphnompenh Beauty,FACEBOOK,https://www.facebook.com/TipsToesPhnomPenh,N/A,"Pin Location: Phnom Penh, Cambodia",https://m.me/TipsToesPhnomPenh,https://www.google.com/maps/search/?api=1&query=Tipstoesphnompenh%2C%20Phnom%20Penh%2C%20Cambodia,Phnom Penh,1,2026-08-06 05:26:06
553,Famousnailspa Beauty,FACEBOOK,https://www.facebook.com/famousnailspa,N/A,"N85 វិថី កោះពេជ្រ, ភ្នំពេញ 12301",N/A,https://www.google.com/maps/search/?api=1&query=Famousnailspa%2C%20Phnom%20Penh%2C%20Cambodia,Phnom Penh,1,2026-08-06 05:26:06
554,Lotuseyelash Beauty,FACEBOOK,https://www.facebook.com/Lotuseyelash,N/A,"Pin Location: Phnom Penh, Cambodia",https://m.me/Lotuseyelash,https://www.google.com/maps/search/?api=1&query=Lotuseyelash%2C%20Phnom%20Penh%2C%20Cambodia,Phnom Penh,1,2026-08-06 05:26:06
555,Fashionnailarts Beauty,FACEBOOK,https://www.facebook.com/fashionnailarts,N/A,"Pin Location: Phnom Penh, Cambodia",https://m.me/fashionnailarts,https://www.google.com/maps/search/?api=1&query=Fashionnailarts%2C%20Phnom%20Penh%2C%20Cambodia,Phnom Penh,1,2026-08-06 05:26:06
556,Mayanailandspa Beauty,FACEBOOK,https://www.facebook.com/mayanailandspa,N/A,"Pin Location: Phnom Penh, Cambodia",https://m.me/mayanailandspa,https://www.google.com/maps/search/?api=1&query=Mayanailandspa%2C%20Phnom%20Penh%2C%20Cambodia,Phnom Penh,1,2026-08-06 05:26:06
557,100057095364392 Beauty,FACEBOOK,https://www.facebook.com/100057095364392,057 095 3643,"Pin Location: Phnom Penh, Cambodia",N/A,https://www.google.com/maps/search/?api=1&query=100057095364392%2C%20Phnom%20Penh%2C%20Cambodia,Phnom Penh,1,2026-08-06 05:26:06
558,Onecambodia Beauty,FACEBOOK,https://www.facebook.com/onecambodia,N/A,"Pin Location: Phnom Penh, Cambodia",https://m.me/onecambodia,https://www.google.com/maps/search/?api=1&query=Onecambodia%2C%20Phnom%20Penh%2C%20Cambodia,Phnom Penh,1,2026-08-06 05:26:06
559,Originalproductss Beauty,FACEBOOK,https://www.facebook.com/originalproductss,N/A,"Pin Location: Phnom Penh, Cambodia",https://m.me/originalproductss,https://www.google.com/maps/search/?api=1&query=Originalproductss%2C%20Phnom%20Penh%2C%20Cambodia,Phnom Penh,1,2026-08-06 05:26:06
560,O_Roth_O Beauty,TIKTOK,https://www.tiktok.com/@o_roth_o,N/A,"Pin Location: Phnom Penh, Cambodia",N/A,https://www.google.com/maps/search/?api=1&query=O_Roth_O%2C%20Phnom%20Penh%2C%20Cambodia,Phnom Penh,0,2026-08-06 05:26:06
561,Maya_Nailsspa Beauty,TIKTOK,https://www.tiktok.com/@maya_nailsspa,N/A,"Pin Location: Phnom Penh, Cambodia",N/A,https://www.google.com/maps/search/?api=1&query=Maya_Nailsspa%2C%20Phnom%20Penh%2C%20Cambodia,Phnom Penh,0,2026-08-06 05:26:06
562,J3Nails Beauty,TIKTOK,https://www.tiktok.com/@j3nails,N/A,"Pin Location: Phnom Penh, Cambodia",N/A,https://www.google.com/maps/search/?api=1&query=J3Nails%2C%20Phnom%20Penh%2C%20Cambodia,Phnom Penh,0,2026-08-06 05:26:06
563,Timeforaplottwist Beauty,TIKTOK,https://www.tiktok.com/@timeforaplottwist,N/A,"Pin Location: Toul Kork, Phnom Penh, Cambodia",N/A,https://www.google.com/maps/search/?api=1&query=Timeforaplottwist%2C%20Toul%20Kork%2C%20Phnom%20Penh%2C%20Cambodia,Toul Kork,0,2026-08-06 05:26:06
564,Mouy88 Beauty,FACEBOOK,https://www.facebook.com/mouy88,N/A,"Pin Location: Phnom Penh, Cambodia",https://m.me/mouy88,https://www.google.com/maps/search/?api=1&query=Mouy88%2C%20Phnom%20Penh%2C%20Cambodia,Phnom Penh,1,2026-08-06 05:26:06
565,Gmazwglutacambodia Beauty,FACEBOOK,https://www.facebook.com/GMazwGlutaCambodia,N/A,"Pin Location: Phnom Penh, Cambodia",https://m.me/GMazwGlutaCambodia,https://www.google.com/maps/search/?api=1&query=Gmazwglutacambodia%2C%20Phnom%20Penh%2C%20Cambodia,Phnom Penh,1,2026-08-06 05:26:06
566,Kimleanglovely168 Beauty,FACEBOOK,https://www.facebook.com/KimleangLovely168,N/A,"Pin Location: Phnom Penh, Cambodia",https://m.me/KimleangLovely168,https://www.google.com/maps/search/?api=1&query=Kimleanglovely168%2C%20Phnom%20Penh%2C%20Cambodia,Phnom Penh,1,2026-08-06 05:26:06
567,Sh Design 2332718576986314 Beauty,FACEBOOK,https://www.facebook.com/SH-Design-2332718576986314,N/A,"Pin Location: Phnom Penh, Cambodia",https://m.me/SH-Design-2332718576986314,https://www.google.com/maps/search/?api=1&query=Sh%20Design%202332718576986314%2C%20Phnom%20Penh%2C%20Cambodia,Phnom Penh,1,2026-08-06 05:26:06
568,Dwglutacambodia Beauty,FACEBOOK,https://www.facebook.com/DWGlutaCambodia,N/A,"Pin Location: Phnom Penh, Cambodia",https://m.me/DWGlutaCambodia,https://www.google.com/maps/search/?api=1&query=Dwglutacambodia%2C%20Phnom%20Penh%2C%20Cambodia,Phnom Penh,1,2026-08-06 05:26:06
569,Dt Gluta 61550364152053 Beauty,FACEBOOK,https://www.facebook.com/p/DT-Gluta-61550364152053,036 415 2053,"JVHX+RV6, ភ្នំពេញ",N/A,https://www.google.com/maps/search/?api=1&query=Dt%20Gluta%2061550364152053%2C%20Phnom%20Penh%2C%20Cambodia,Phnom Penh,1,2026-08-06 05:26:06
570,100064654453397 Beauty,FACEBOOK,https://www.facebook.com/100064654453397,064 654 4533,"Pin Location: Phnom Penh, Cambodia",N/A,https://www.google.com/maps/search/?api=1&query=100064654453397%2C%20Phnom%20Penh%2C%20Cambodia,Phnom Penh,1,2026-08-06 05:26:06
571,Jinli180 Beauty,TIKTOK,https://www.tiktok.com/@jinli180,N/A,"Pin Location: Phnom Penh, Cambodia",N/A,https://www.google.com/maps/search/?api=1&query=Jinli180%2C%20Phnom%20Penh%2C%20Cambodia,Phnom Penh,0,2026-08-06 05:26:06
572,Behasley Beauty,TIKTOK,https://www.tiktok.com/@behasley,N/A,"Pin Location: Phnom Penh, Cambodia",N/A,https://www.google.com/maps/search/?api=1&query=Behasley%2C%20Phnom%20Penh%2C%20Cambodia,Phnom Penh,0,2026-08-06 05:26:06
573,Ksk0168 Beauty,FACEBOOK,https://www.facebook.com/ksk0168,N/A,"Pin Location: Phnom Penh, Cambodia",https://m.me/ksk0168,https://www.google.com/maps/search/?api=1&query=Ksk0168%2C%20Phnom%20Penh%2C%20Cambodia,Phnom Penh,1,2026-08-06 05:26:06
574,Wholesaletheordinary Beauty,FACEBOOK,https://www.facebook.com/Wholesaletheordinary,N/A,"Pin Location: Phnom Penh, Cambodia",https://t.me/Wholesaletheordinary,https://www.google.com/maps/search/?api=1&query=Wholesaletheordinary%2C%20Phnom%20Penh%2C%20Cambodia,Phnom Penh,1,2026-08-06 05:26:06
575,61556301393346 Beauty,FACEBOOK,https://www.facebook.com/61556301393346,01393346,"Pin Location: Phnom Penh, Cambodia",N/A,https://www.google.com/maps/search/?api=1&query=61556301393346%2C%20Phnom%20Penh%2C%20Cambodia,Phnom Penh,1,2026-08-06 05:26:06
576,Skincarefor Beauty,FACEBOOK,https://www.facebook.com/skincarefor,N/A,"Pin Location: Phnom Penh, Cambodia",https://m.me/skincarefor,https://www.google.com/maps/search/?api=1&query=Skincarefor%2C%20Phnom%20Penh%2C%20Cambodia,Phnom Penh,1,2026-08-06 05:26:06
577,Cicaplast168 Beauty,FACEBOOK,https://www.facebook.com/Cicaplast168,N/A,"Pin Location: Phnom Penh, Cambodia",https://m.me/Cicaplast168,https://www.google.com/maps/search/?api=1&query=Cicaplast168%2C%20Phnom%20Penh%2C%20Cambodia,Phnom Penh,1,2026-08-06 05:26:06
578,Yzgenstore Beauty,FACEBOOK,https://www.facebook.com/YZGenStore,N/A,"Pin Location: Phnom Penh, Cambodia",https://m.me/YZGenStore,https://www.google.com/maps/search/?api=1&query=Yzgenstore%2C%20Phnom%20Penh%2C%20Cambodia,Phnom Penh,1,2026-08-06 05:26:06
579,Splwholesale Beauty,FACEBOOK,https://www.facebook.com/splwholesale,N/A,"Pin Location: Phnom Penh, Cambodia",https://t.me/splwholesale,https://www.google.com/maps/search/?api=1&query=Splwholesale%2C%20Phnom%20Penh%2C%20Cambodia,Phnom Penh,1,2026-08-06 05:26:06
580,Cosmeticswholesale Phnompenh Beauty,FACEBOOK,https://www.facebook.com/cosmeticswholesale.phnompenh,N/A,"Pin Location: Phnom Penh, Cambodia",https://t.me/cosmeticswholesale.phnompenh,https://www.google.com/maps/search/?api=1&query=Cosmeticswholesale%20Phnompenh%2C%20Phnom%20Penh%2C%20Cambodia,Phnom Penh,1,2026-08-06 05:26:06
581,Kalyankeokim Beauty,FACEBOOK,https://www.facebook.com/kalyankeokim,N/A,"Pin Location: Phnom Penh, Cambodia",https://m.me/kalyankeokim,https://www.google.com/maps/search/?api=1&query=Kalyankeokim%2C%20Phnom%20Penh%2C%20Cambodia,Phnom Penh,1,2026-08-06 05:26:06
582,Monoko Japancosmetics Beauty,FACEBOOK,https://www.facebook.com/monoko.japancosmetics,N/A,"Pin Location: Phnom Penh, Cambodia",https://m.me/monoko.japancosmetics,https://www.google.com/maps/search/?api=1&query=Monoko%20Japancosmetics%2C%20Phnom%20Penh%2C%20Cambodia,Phnom Penh,1,2026-08-06 05:26:06
583,Calixta_Lee Beauty,TIKTOK,https://www.tiktok.com/@calixta_lee,N/A,"Tower, Floor 16th, Unit, GIA, 1616, Phnom Penh",N/A,https://www.google.com/maps/search/?api=1&query=Calixta_Lee%2C%20Phnom%20Penh%2C%20Cambodia,Phnom Penh,1,2026-08-06 05:26:06
584,Junryo0 Beauty,TIKTOK,https://www.tiktok.com/@junryo0,N/A,"Pin Location: Phnom Penh, Cambodia",N/A,https://www.google.com/maps/search/?api=1&query=Junryo0%2C%20Phnom%20Penh%2C%20Cambodia,Phnom Penh,0,2026-08-06 05:26:06
585,Zenyhairsalonpp Beauty,FACEBOOK,https://www.facebook.com/zenyhairsalonpp,N/A,"138A St.215, ភ្នំពេញ 12000",N/A,https://www.google.com/maps/search/?api=1&query=Zenyhairsalonpp%2C%20Phnom%20Penh%2C%20Cambodia,Phnom Penh,1,2026-08-06 05:26:06
586,Salonnumber15 Beauty,FACEBOOK,https://www.facebook.com/salonnumber15,N/A,"Pin Location: Phnom Penh, Cambodia",https://m.me/salonnumber15,https://www.google.com/maps/search/?api=1&query=Salonnumber15%2C%20Phnom%20Penh%2C%20Cambodia,Phnom Penh,1,2026-08-06 05:26:06
587,Phatparishairsalon Beauty,FACEBOOK,https://www.facebook.com/phatparishairsalon,N/A,"No. 103, St. 199, Sangkat, ភ្នំពេញ 12309",N/A,https://www.google.com/maps/search/?api=1&query=Phatparishairsalon%2C%20Phnom%20Penh%2C%20Cambodia,Phnom Penh,1,2026-08-06 05:26:06
588,Lumieresalonkh Beauty,FACEBOOK,https://www.facebook.com/lumieresalonkh,N/A,"Pin Location: Phnom Penh, Cambodia",https://m.me/lumieresalonkh,https://www.google.com/maps/search/?api=1&query=Lumieresalonkh%2C%20Phnom%20Penh%2C%20Cambodia,Phnom Penh,1,2026-08-06 05:26:06
589,Psaloncambodia Beauty,FACEBOOK,https://www.facebook.com/psaloncambodia,N/A,"Pin Location: Phnom Penh, Cambodia",https://m.me/psaloncambodia,https://www.google.com/maps/search/?api=1&query=Psaloncambodia%2C%20Phnom%20Penh%2C%20Cambodia,Phnom Penh,1,2026-08-06 05:26:06
590,Le Salon Phnom Penh 100084833606031 Beauty,FACEBOOK,https://www.facebook.com/p/Le-Salon-Phnom-Penh-100084833606031,084 833 6060,"វិថី​ ព្រះ​អង្គ​នន្ទ (១០២), ភ្នំពេញ 12202",N/A,https://www.google.com/maps/search/?api=1&query=Le%20Salon%20Phnom%20Penh%20100084833606031%2C%20Phnom%20Penh%2C%20Cambodia,Phnom Penh,1,2026-08-06 05:26:06
591,Maplesalon7 Beauty,FACEBOOK,https://www.facebook.com/maplesalon7,N/A,"Pin Location: Phnom Penh, Cambodia",https://m.me/maplesalon7,https://www.google.com/maps/search/?api=1&query=Maplesalon7%2C%20Phnom%20Penh%2C%20Cambodia,Phnom Penh,1,2026-08-06 05:26:06
592,61574601570245 Beauty,FACEBOOK,https://www.facebook.com/61574601570245,01570245,"Pin Location: Phnom Penh, Cambodia",N/A,https://www.google.com/maps/search/?api=1&query=61574601570245%2C%20Phnom%20Penh%2C%20Cambodia,Phnom Penh,1,2026-08-06 05:26:06
593,N5Salon,TIKTOK,https://www.tiktok.com/@n5salon,N/A,"Pin Location: Phnom Penh, Cambodia",N/A,https://www.google.com/maps/search/?api=1&query=N5Salon%2C%20Phnom%20Penh%2C%20Cambodia,Phnom Penh,0,2026-08-06 05:26:06
594,Bonnie Studio26 Beauty,TIKTOK,https://www.tiktok.com/@bonnie.studio26,N/A,"ផ្លូវលេខ ១៣២, ភ្នំពេញ",N/A,https://www.google.com/maps/search/?api=1&query=Bonnie%20Studio26%2C%20Phnom%20Penh%2C%20Cambodia,Phnom Penh,1,2026-08-06 05:26:06
595,Camiyui_By_Prosol Beauty,TIKTOK,https://www.tiktok.com/@camiyui_by_prosol,N/A,"KH, 12301 KHAN CHAM KAMON , PHNOM PENH #7, STREET 360, SANGKAT",N/A,https://www.google.com/maps/search/?api=1&query=Camiyui_By_Prosol%2C%20Phnom%20Penh%2C%20Cambodia,Phnom Penh,1,2026-08-06 05:26:06
596,Maiyaskinlazercenter Beauty,FACEBOOK,https://www.facebook.com/MaiyaSkinLazerCenter,N/A,"Pin Location: Phnom Penh, Cambodia",https://m.me/MaiyaSkinLazerCenter,https://www.google.com/maps/search/?api=1&query=Maiyaskinlazercenter%2C%20Phnom%20Penh%2C%20Cambodia,Phnom Penh,1,2026-08-06 05:26:06
597,Azkoreacenter Beauty,FACEBOOK,https://www.facebook.com/azkoreacenter,N/A,"Pin Location: Phnom Penh, Cambodia",https://m.me/azkoreacenter,https://www.google.com/maps/search/?api=1&query=Azkoreacenter%2C%20Phnom%20Penh%2C%20Cambodia,Phnom Penh,1,2026-08-06 05:26:06
598,Jkbeauty7 Beauty,FACEBOOK,https://www.facebook.com/jkbeauty7,N/A,"Pin Location: Phnom Penh, Cambodia",https://m.me/jkbeauty7,https://www.google.com/maps/search/?api=1&query=Jkbeauty7%2C%20Phnom%20Penh%2C%20Cambodia,Phnom Penh,1,2026-08-06 05:26:06
599,Airlee888 Beauty,FACEBOOK,https://www.facebook.com/Airlee888,N/A,"Pin Location: Phnom Penh, Cambodia",https://m.me/Airlee888,https://www.google.com/maps/search/?api=1&query=Airlee888%2C%20Phnom%20Penh%2C%20Cambodia,Phnom Penh,1,2026-08-06 05:26:06
600,Kbeautycentervip Beauty,FACEBOOK,https://www.facebook.com/kbeautycentervip,N/A,"Pin Location: Phnom Penh, Cambodia",https://m.me/kbeautycentervip,https://www.google.com/maps/search/?api=1&query=Kbeautycentervip%2C%20Phnom%20Penh%2C%20Cambodia,Phnom Penh,1,2026-08-06 05:26:06
601,100071051946830 Beauty,FACEBOOK,https://www.facebook.com/100071051946830,071 051 9468,"Pin Location: Phnom Penh, Cambodia",N/A,https://www.google.com/maps/search/?api=1&query=100071051946830%2C%20Phnom%20Penh%2C%20Cambodia,Phnom Penh,1,2026-08-06 05:26:06
602,Pnv Skincare Center 100071051946830 Beauty,FACEBOOK,https://www.facebook.com/p/PnV-Skincare-Center-100071051946830,071 051 9468,"88 មហាវិថីវេងស្រេង, ភ្នំពេញ",N/A,https://www.google.com/maps/search/?api=1&query=Pnv%20Skincare%20Center%20100071051946830%2C%20Phnom%20Penh%2C%20Cambodia,Phnom Penh,1,2026-08-06 05:26:06
603,Sccosmetic37 Beauty,FACEBOOK,https://www.facebook.com/ScCosmetic37,N/A,"Pin Location: Phnom Penh, Cambodia",https://m.me/ScCosmetic37,https://www.google.com/maps/search/?api=1&query=Sccosmetic37%2C%20Phnom%20Penh%2C%20Cambodia,Phnom Penh,1,2026-08-06 05:26:06
604,Petknaskincare Beauty,FACEBOOK,https://www.facebook.com/petknaskincare,N/A,"Pin Location: Phnom Penh, Cambodia",https://m.me/petknaskincare,https://www.google.com/maps/search/?api=1&query=Petknaskincare%2C%20Phnom%20Penh%2C%20Cambodia,Phnom Penh,1,2026-08-06 05:26:06
605,Jasmineskincarecambodia310 Beauty,FACEBOOK,https://www.facebook.com/JasmineSkinCareCambodia310,N/A,"310 Street 105, Phnom Penh",N/A,https://www.google.com/maps/search/?api=1&query=Jasmineskincarecambodia310%2C%20Phnom%20Penh%2C%20Cambodia,Phnom Penh,1,2026-08-06 05:26:06
606,Bestwholesalecosmetics Beauty,FACEBOOK,https://www.facebook.com/bestwholesalecosmetics,N/A,"Pin Location: Phnom Penh, Cambodia",https://t.me/bestwholesalecosmetics,https://www.google.com/maps/search/?api=1&query=Bestwholesalecosmetics%2C%20Phnom%20Penh%2C%20Cambodia,Phnom Penh,1,2026-08-06 05:26:06
607,Bestkbeautyproducts Beauty,FACEBOOK,https://www.facebook.com/BestKBeautyProducts,N/A,"Pin Location: Phnom Penh, Cambodia",https://m.me/BestKBeautyProducts,https://www.google.com/maps/search/?api=1&query=Bestkbeautyproducts%2C%20Phnom%20Penh%2C%20Cambodia,Phnom Penh,1,2026-08-06 05:26:06
608,Mlcollectioncambodia999 Beauty,FACEBOOK,https://www.facebook.com/MLCollectionCambodia999,N/A,"Pin Location: Phnom Penh, Cambodia",https://m.me/MLCollectionCambodia999,https://www.google.com/maps/search/?api=1&query=Mlcollectioncambodia999%2C%20Phnom%20Penh%2C%20Cambodia,Phnom Penh,1,2026-08-06 05:26:06
609,Soreacosmeticsupply Beauty,FACEBOOK,https://www.facebook.com/soreacosmeticsupply,N/A,"Pin Location: Phnom Penh, Cambodia",https://m.me/soreacosmeticsupply,https://www.google.com/maps/search/?api=1&query=Soreacosmeticsupply%2C%20Phnom%20Penh%2C%20Cambodia,Phnom Penh,1,2026-08-06 05:26:06
610,Sopheak529 Beauty,TIKTOK,https://www.tiktok.com/@sopheak529,N/A,"Pin Location: Phnom Penh, Cambodia",N/A,https://www.google.com/maps/search/?api=1&query=Sopheak529%2C%20Phnom%20Penh%2C%20Cambodia,Phnom Penh,0,2026-08-06 05:26:06
